case,n,tolerance,kept,ratio,time_ms,max_dev,bound_ok,self_intersections
open_noisy_20k,20000,0.0,20000,1.000000,1092.262,0,True,0
open_noisy_20k,20000,0.0001,19991,0.999550,1036.080,9.13258e-05,True,0
open_noisy_20k,20000,0.001,19911,0.995550,1036.566,0.000973919,True,0
open_noisy_20k,20000,0.01,19106,0.955300,990.370,0.00999525,True,0
open_noisy_20k,20000,0.1,12747,0.637350,587.055,0.0999764,True,0
open_noisy_20k,20000,0.5,1057,0.052850,67.962,0.499789,True,0
open_noisy_20k,20000,1.0,231,0.011550,51.675,0.999013,True,0
open_noisy_20k,20000,5.0,78,0.003900,42.949,4.98698,True,0
open_noisy_20k,20000,50.0,10,0.000500,32.048,42.4051,True,0
open_noisy_20k,20000,1000000000.0,2,0.000100,8.522,80.1809,True,0
closed_noisy_ellipse_20k,20001,0.0,20000,0.999950,498.842,0,True,0
closed_noisy_ellipse_20k,20001,0.0001,19992,0.999550,422.468,9.67069e-05,True,0
closed_noisy_ellipse_20k,20001,0.001,19953,0.997600,441.089,0.000970097,True,0
closed_noisy_ellipse_20k,20001,0.01,19551,0.977501,443.006,0.00998505,True,0
closed_noisy_ellipse_20k,20001,0.1,16114,0.805660,338.296,0.0999765,True,0
closed_noisy_ellipse_20k,20001,0.5,6126,0.306285,121.577,0.499945,True,0
closed_noisy_ellipse_20k,20001,1.0,1108,0.055397,47.133,0.999976,True,0
closed_noisy_ellipse_20k,20001,5.0,161,0.008050,31.942,4.94305,True,0
closed_noisy_ellipse_20k,20001,50.0,56,0.002800,29.493,49.6274,True,0
closed_noisy_ellipse_20k,20001,1000000000.0,2,0.000100,9.457,10014.8,True,0
spiral_selfx_demo_5k,5000,2.0,110,0.022000,17.101,1.98433,True,0
spiral_selfx_demo_5k,5000,8.0,54,0.010800,16.378,7.59751,True,4
spiral_selfx_demo_5k,5000,20.0,26,0.005200,16.016,19.4896,True,2
near_collinear_20k,20000,0.0,20000,1.000000,1031.966,0,True,0
near_collinear_20k,20000,0.0001,19685,0.984250,1049.702,9.9913e-05,True,0
near_collinear_20k,20000,0.001,17198,0.859900,822.037,0.000999852,True,0
near_collinear_20k,20000,0.01,3832,0.191600,170.350,0.00999804,True,0
near_collinear_20k,20000,0.1,2,0.000100,9.255,0.0204076,True,0
near_collinear_20k,20000,0.5,2,0.000100,6.503,0.0204076,True,0
near_collinear_20k,20000,1.0,2,0.000100,6.559,0.0204076,True,0
near_collinear_20k,20000,5.0,2,0.000100,8.936,0.0204076,True,0
near_collinear_20k,20000,50.0,2,0.000100,8.841,0.0204076,True,0
near_collinear_20k,20000,1000000000.0,2,0.000100,7.622,0.0204076,True,0
