k,truth,observation,obs_missing,status,x_pred,p_pred,x_filtered,p_filtered,x_smoothed_batch,residual_innovation,normalized_residual,weight,r_eff,inflations
0,0.273813,1.077957,0,accepted,50.000000,10000.100000,1.082849,0.999900,-0.204984,-48.922043,0.489194,1.0000,1.000000,0
1,-0.351533,-0.498702,0,accepted,1.082849,1.099900,0.254453,0.523787,-0.333780,-1.581551,1.091400,1.0000,1.000000,0
2,-0.171878,0.255443,0,accepted,0.254453,0.623787,0.254833,0.384156,-0.446084,0.000990,0.000777,1.0000,1.000000,0
3,-0.496600,-1.252866,0,accepted,0.254833,0.484156,-0.237003,0.326216,-0.628541,-1.507699,1.237585,1.0000,1.000000,0
4,-0.413667,-1.645956,0,accepted,-0.237003,0.426216,-0.658060,0.298844,-0.748565,-1.408953,1.179788,1.0000,1.000000,0
5,-0.479612,-2.176534,0,accepted,-0.658060,0.398844,-1.091013,0.285124,-0.778850,-1.518474,1.283875,1.0000,1.000000,0
6,-0.476903,-1.805896,0,accepted,-1.091013,0.385124,-1.289781,0.278043,-0.669367,-0.714883,0.607422,1.0000,1.000000,0
7,-0.449317,0.928102,0,accepted,-1.289781,0.378043,-0.681342,0.274333,-0.446231,2.217884,1.889328,1.0000,1.000000,0
8,-0.002159,1.178700,0,accepted,-0.681342,0.374333,-0.174714,0.272374,-0.360528,1.860042,1.586634,1.0000,1.000000,0
9,-0.554056,0.017198,0,accepted,-0.174714,0.372374,-0.122642,0.271336,-0.428748,0.191912,0.163820,1.0000,1.000000,0
10,-0.742996,-2.127940,0,accepted,-0.122642,0.371336,-0.665645,0.270784,-0.541563,-2.005299,1.712408,1.0000,1.000000,0
11,-0.683464,0.054074,0,accepted,-0.665645,0.370784,-0.470968,0.270490,-0.495740,0.719719,0.614721,1.0000,1.000000,0
12,0.038696,-0.251077,0,accepted,-0.470968,0.370490,-0.411523,0.270334,-0.504898,0.219891,0.187832,1.0000,1.000000,0
13,0.467520,-3.289016,0,accepted,-0.411523,0.370334,-1.189169,0.270251,-0.539439,-2.877492,2.458108,1.0000,1.000000,0
14,0.341971,0.307994,0,accepted,-1.189169,0.370251,-0.784625,0.270207,-0.299022,1.497162,1.278995,1.0000,1.000000,0
15,0.124769,1.201169,0,accepted,-0.784625,0.370207,-0.248097,0.270183,-0.119306,1.985795,1.696451,1.0000,1.000000,0
16,0.033292,1.100655,0,accepted,-0.248097,0.370183,0.116296,0.270171,-0.071638,1.348752,1.152240,1.0000,1.000000,0
17,0.385411,-0.707637,0,accepted,0.116296,0.370171,-0.106301,0.270164,-0.141199,-0.823933,0.703890,1.0000,1.000000,0
18,0.322840,0.218198,0,accepted,-0.106301,0.370164,-0.018634,0.270160,-0.154117,0.324499,0.277221,1.0000,1.000000,0
19,0.249660,-0.672360,0,accepted,-0.018634,0.370160,-0.019304,0.369781,-0.204266,-0.653726,0.034386,1.0000,361.057723,0
20,-0.031990,0.441613,0,accepted,-0.019304,0.469781,-0.018639,0.469103,-0.207605,0.460917,0.025549,1.0000,324.994686,0
21,-0.350900,-0.953470,0,accepted,-0.018639,0.569103,-0.020454,0.567998,-0.275866,-0.934831,0.054605,1.0000,292.516462,0
22,-0.071317,0.722551,0,accepted,-0.020454,0.667998,-0.018574,0.666308,-0.276367,0.743004,0.045727,1.0000,263.352207,0
23,-0.070922,-1.424955,0,accepted,-0.018574,0.766308,-0.023105,0.763839,-0.376760,-1.406381,0.091193,1.0000,237.072192,0
24,-0.774921,-0.649327,0,accepted,-0.023105,0.863839,-0.025628,0.860359,-0.372334,-0.626222,0.042765,1.0000,213.562763,0
25,-0.792837,0.249338,0,accepted,-0.025628,0.960359,-0.024261,0.955585,-0.340207,0.274966,0.019782,1.0000,192.245702,0
26,-0.469734,-0.980405,0,accepted,-0.024261,1.055585,-0.030059,1.049185,-0.367036,-0.956143,0.072467,1.0000,173.028693,0
27,-0.540975,-0.566546,0,accepted,-0.030059,1.149185,-0.033987,1.140771,-0.332528,-0.536486,0.042821,1.0000,155.817244,0
28,-0.514486,0.004366,0,accepted,-0.033987,1.240771,-0.033651,1.229892,-0.274617,0.038352,0.003224,1.0000,140.264302,0
29,-0.043714,0.428522,0,accepted,-0.033651,1.329892,-0.028832,1.316027,-0.244605,0.462172,0.040920,1.0000,126.238019,0
30,0.067754,-0.235898,0,accepted,-0.028832,1.416027,-0.031381,1.398599,-0.281906,-0.207066,0.019305,1.0000,113.635577,0
31,-0.188452,-0.971710,0,accepted,-0.031381,1.498599,-0.044960,1.476958,-0.323808,-0.940329,0.092307,1.0000,102.276307,0
32,-0.415037,-0.334169,0,accepted,-0.044960,1.576958,-0.049827,1.550422,-0.300919,-0.289208,0.029875,1.0000,92.137098,0
33,-0.080359,-1.002583,0,accepted,-0.049827,1.650422,-0.068417,1.618218,-0.274706,-0.952756,0.103596,1.0000,82.931753,0
34,-0.423344,-0.121467,0,accepted,-0.068417,1.718218,-0.069610,1.679600,-0.175705,-0.053050,0.006067,1.0000,74.729352,0
35,0.420280,-0.846056,0,accepted,-0.069610,1.779600,-0.089625,1.733726,-0.082128,-0.776447,0.093449,1.0000,67.256698,0
36,0.031720,-0.330560,0,accepted,-0.089625,1.833726,-0.096702,1.779860,0.087843,-0.240935,0.030494,1.0000,60.591315,0
37,-0.099278,-0.850049,0,accepted,-0.096702,1.879860,-0.121804,1.817223,0.299653,-0.753346,0.100297,1.0000,54.537989,0
38,0.015652,-1.107655,0,accepted,-0.121804,1.917223,-0.158822,1.845232,0.626434,-0.985851,0.137968,1.0000,49.140943,0
39,-0.635550,-0.360836,0,accepted,-0.158822,1.945232,-0.167315,1.863451,1.126623,-0.202014,0.029698,1.0000,44.324039,0
40,-0.876611,17.464319,0,soft_outlier,-0.167315,1.963451,0.533893,1.885365,1.775559,17.631634,2.725193,0.9174,47.406817,0
41,-0.886403,-0.628758,0,accepted,0.533893,1.985365,0.497856,1.923828,0.855618,-1.162651,0.145271,1.0000,62.068123,0
42,-1.124703,-2.243240,0,accepted,0.497856,2.023828,0.402243,1.953234,0.084115,-2.741096,0.359861,1.0000,55.996487,0
43,-1.496237,-1.180588,0,accepted,0.402243,2.053234,0.341156,1.973992,-0.454652,-1.582831,0.217007,1.0000,51.148199,0
44,-2.208102,-2.059622,0,accepted,0.341156,2.073992,0.238190,1.985042,-0.920826,-2.400778,0.345238,1.0000,46.283914,0
45,-2.231249,-1.080584,0,accepted,0.238190,2.085042,0.176144,1.986944,-1.273121,-1.318774,0.198100,1.0000,42.231896,0
46,-2.821324,-2.953640,0,accepted,0.176144,2.086944,0.013945,1.978789,-1.644669,-3.129785,0.493203,1.0000,38.182623,0
47,-2.677430,-3.871207,0,accepted,0.013945,2.078789,-0.201871,1.963315,-1.885320,-3.885153,0.635098,1.0000,35.343916,0
48,-2.179187,-3.217468,0,accepted,-0.201871,2.063315,-0.377725,1.942993,-1.927382,-3.015597,0.506968,1.0000,33.318965,0
49,-2.465986,-0.428644,0,accepted,-0.377725,2.042993,-0.380883,1.916281,-1.840436,-0.050919,0.008872,1.0000,30.896451,0
50,-2.071914,-1.185832,0,accepted,-0.380883,2.016281,-0.435304,1.879965,-1.894669,-0.804949,0.147397,1.0000,27.807066,0
51,-1.988711,-3.162891,0,accepted,-0.435304,1.979965,-0.634798,1.835152,-2.019786,-2.727588,0.524235,1.0000,25.091153,0
52,-2.772874,-2.017175,0,accepted,-0.634798,1.935152,-0.740696,1.786908,-2.030592,-1.382377,0.275043,1.0000,23.326011,0
53,-2.177747,-2.570346,0,accepted,-0.740696,1.886908,-0.890335,1.732586,-2.042740,-1.829650,0.380917,1.0000,21.184507,0
54,-2.292046,-2.244413,0,accepted,-0.890335,1.832586,-1.007201,1.674422,-2.002127,-1.354079,0.293856,1.0000,19.400818,0
55,-2.330410,-1.161963,0,accepted,-1.007201,1.774422,-1.021343,1.612279,-1.937285,-0.154762,0.035120,1.0000,17.644089,0
56,-1.899546,-0.952628,0,accepted,-1.021343,1.712279,-1.014655,1.545640,-1.949976,0.068715,0.016382,1.0000,15.882075,0
57,-2.192748,-1.614994,0,accepted,-1.014655,1.645640,-1.076634,1.475745,-2.062402,-0.600339,0.150367,1.0000,14.294340,0
58,-2.186232,-2.184410,0,accepted,-1.076634,1.575745,-1.197212,1.404230,-2.219568,-1.107776,0.291150,1.0000,12.900947,0
59,-2.827667,-3.953434,0,accepted,-1.197212,1.504230,-1.510406,1.333302,-2.380250,-2.756221,0.757541,1.0000,11.733569,0
60,-2.340559,-1.454677,0,accepted,-1.510406,1.433302,-1.504143,1.272216,-2.383614,0.055729,0.015605,1.0000,11.319888,0
61,-2.334574,-0.941565,0,accepted,-1.504143,1.372216,-1.437365,1.209335,-2.479871,0.562578,0.165461,1.0000,10.188209,0
62,-2.325349,-4.827953,0,accepted,-1.437365,1.309335,-1.859749,1.146224,-2.729959,-3.390589,1.045842,1.0000,9.201038,0
63,-2.545518,-3.783748,0,accepted,-1.859749,1.246224,-2.084324,1.100761,-2.770248,-1.923999,0.588823,1.0000,9.430543,0
64,-2.391026,-1.674469,0,accepted,-2.084324,1.200761,-2.035396,1.057416,-2.709186,0.409855,0.129231,1.0000,8.857666,0
65,-2.860676,-3.714806,0,accepted,-2.035396,1.157416,-2.247921,1.010948,-2.751597,-1.679410,0.555314,1.0000,7.988697,0
66,-2.510699,-2.870791,0,accepted,-2.247921,1.110948,-2.328544,0.967148,-2.697686,-0.622870,0.212609,1.0000,7.471869,0
67,-2.542098,-3.071134,0,accepted,-2.328544,1.067148,-2.429743,0.921719,-2.626465,-0.742590,0.265369,1.0000,6.763479,0
68,-2.470816,-1.158438,0,accepted,-2.429743,1.021719,-2.248432,0.876003,-2.510777,1.271305,0.474977,1.0000,6.142275,0
69,-1.846760,-2.376283,0,accepted,-2.248432,0.976003,-2.267152,0.833094,-2.530323,-0.127852,0.049520,1.0000,5.689669,0
70,-1.979526,-1.991985,0,accepted,-2.267152,0.933094,-2.224751,0.789312,-2.565273,0.275167,0.111821,1.0000,5.122337,0
71,-2.341648,-4.380554,0,accepted,-2.224751,0.889312,-2.572887,0.745699,-2.657551,-2.155803,0.918654,1.0000,4.617675,0
72,-2.195204,-4.366870,0,accepted,-2.572887,0.845699,-2.850434,0.714861,-2.577530,-1.793983,0.767307,1.0000,4.620656,0
73,-2.307536,-1.340062,0,accepted,-2.850434,0.814861,-2.618012,0.689467,-2.318574,1.510371,0.656355,1.0000,4.480428,0
74,-2.170987,-3.303069,0,accepted,-2.618012,0.789467,-2.725107,0.666049,-2.157469,-0.685058,0.304847,1.0000,4.260507,0
75,-2.153451,-1.994108,0,accepted,-2.725107,0.766049,-2.604615,0.639779,-1.881805,0.730999,0.339086,1.0000,3.881387,0
76,-1.633748,-0.340104,0,accepted,-2.604615,0.739779,-2.213794,0.612104,-1.594910,2.264511,1.093767,1.0000,3.546684,0
77,-1.356867,-1.063986,0,accepted,-2.213794,0.712104,-2.028420,0.597297,-1.433496,1.149808,0.547099,1.0000,3.704817,0
78,-1.684617,-0.320397,0,accepted,-2.028420,0.697297,-1.742386,0.580525,-1.309033,1.708023,0.837041,1.0000,3.466541,0
79,-1.311642,-1.118827,0,accepted,-1.742386,0.680525,-1.638688,0.567353,-1.283433,0.623558,0.308249,1.0000,3.411621,0
80,-1.437926,-0.686666,0,accepted,-1.638688,0.667353,-1.470463,0.549430,-1.274294,0.952022,0.489882,1.0000,3.109342,0
81,-1.511897,-1.060153,0,accepted,-1.470463,0.649430,-1.395157,0.530237,-1.323918,0.410310,0.218125,1.0000,2.889042,0
82,-1.121273,-1.533110,0,accepted,-1.395157,0.630237,-1.421932,0.507917,-1.399918,-0.137953,0.076555,1.0000,2.616973,0
83,-1.059413,-1.603422,0,accepted,-1.421932,0.607917,-1.459142,0.483279,-1.462599,-0.181491,0.105399,1.0000,2.357179,0
84,-1.394040,-1.525112,0,accepted,-1.459142,0.583279,-1.473351,0.457648,-1.511198,-0.065970,0.040089,1.0000,2.124755,0
85,-1.614694,-0.458484,0,accepted,-1.473351,0.557648,-1.244260,0.431767,-1.558405,1.014867,0.645697,1.0000,1.912715,0
86,-1.666825,-2.008743,0,accepted,-1.244260,0.531767,-1.416794,0.411754,-1.715605,-0.764483,0.498037,1.0000,1.824439,0
87,-1.834917,-1.444402,0,accepted,-1.416794,0.511754,-1.423181,0.393368,-1.843491,-0.027607,0.018561,1.0000,1.700438,0
88,-1.750178,-1.894320,0,accepted,-1.423181,0.493368,-1.538034,0.373096,-2.011285,-0.471139,0.331178,1.0000,1.530471,0
89,-2.330784,-2.861281,0,accepted,-1.538034,0.473096,-1.872320,0.353580,-2.190776,-1.323247,0.966952,1.0000,1.399621,0
90,-2.836831,-2.337042,0,accepted,-1.872320,0.453580,-1.983946,0.344630,-2.303217,-0.464722,0.338184,1.0000,1.434757,0
91,-2.649150,-1.189685,0,accepted,-1.983946,0.444630,-1.783007,0.332143,-2.412275,0.794261,0.599121,1.0000,1.312878,0
92,-2.529497,-2.894710,0,accepted,-1.783007,0.432143,-2.069511,0.320773,-2.643592,-1.111702,0.858510,1.0000,1.244675,0
93,-3.074512,-3.402574,0,accepted,-2.069511,0.420773,-2.406485,0.314409,-2.849797,-1.333063,1.033236,1.0000,1.243796,0
94,-3.862163,-4.126896,0,accepted,-2.406485,0.414409,-2.823044,0.314069,-3.000725,-1.720411,1.315043,1.0000,1.297122,0
95,-3.536591,-1.905445,0,accepted,-2.823044,0.414069,-2.620670,0.322747,-3.039035,0.917600,0.669681,1.0000,1.463391,0
96,-3.793031,-3.121922,0,accepted,-2.620670,0.422747,-2.736845,0.324767,-3.190705,-0.501252,0.371145,1.0000,1.401251,0
97,-3.902834,-3.694786,0,accepted,-2.736845,0.424767,-2.974658,0.319317,-3.349252,-0.957941,0.732338,1.0000,1.286251,0
98,-4.001051,-3.136804,0,accepted,-2.974658,0.419317,-3.015402,0.313950,-3.473247,-0.162146,0.125521,1.0000,1.249391,0
99,-4.032356,-2.863199,0,accepted,-3.015402,0.413950,-2.974518,0.302755,-3.630885,0.152203,0.122608,1.0000,1.127081,0
100,-3.970422,-4.988485,0,accepted,-2.974518,0.402755,-3.545964,0.288477,-3.865293,-2.013967,1.690414,1.0000,1.016690,0
101,-4.245449,-4.066482,0,accepted,-3.545964,0.388477,-3.664277,0.300177,-3.987381,-0.520518,0.398155,1.0000,1.320627,0
102,-4.404404,-4.347479,0,accepted,-3.664277,0.400177,-3.833478,0.301069,-4.101558,-0.683203,0.537466,1.0000,1.215658,0
103,-4.241472,-5.950505,0,accepted,-3.833478,0.401069,-4.384168,0.296741,-4.191144,-2.117027,1.704932,1.0000,1.140769,0
104,-3.993678,-5.769072,0,accepted,-4.384168,0.396741,-4.677737,0.312641,-4.104794,-1.384905,1.012306,1.0000,1.474873,0
105,-3.901962,-1.440260,0,accepted,-4.677737,0.412641,-3.986206,0.324500,-3.852016,3.237478,2.329288,1.0000,1.519181,0
106,-3.572608,-4.567776,0,accepted,-3.986206,0.424500,-4.073138,0.361047,-3.840413,-0.581570,0.345105,1.0000,2.415389,0
107,-4.035805,-3.080245,0,accepted,-4.073138,0.461047,-3.901606,0.381397,-3.756074,0.992893,0.607786,1.0000,2.207673,0
108,-3.760089,-4.968209,0,accepted,-3.901606,0.481397,-4.101638,0.391115,-3.739318,-1.066603,0.665732,1.0000,2.085489,0
109,-3.474253,-3.699091,0,accepted,-4.101638,0.491115,-4.021980,0.393931,-3.599673,0.402547,0.255524,1.0000,1.990705,0
110,-3.249587,-2.178916,0,accepted,-4.021980,0.493931,-3.626482,0.387939,-3.450086,1.843064,1.214813,1.0000,1.807839,0
111,-3.602869,-4.148708,0,accepted,-3.626482,0.487939,-3.730289,0.390947,-3.427617,-0.522226,0.333320,1.0000,1.966743,0
112,-3.215640,-2.206588,0,accepted,-3.730289,0.490947,-3.403383,0.385616,-3.333038,1.523701,1.007266,1.0000,1.797341,0
113,-3.600452,-4.045477,0,accepted,-3.403383,0.485616,-3.536898,0.384638,-3.351104,-0.642094,0.420164,1.0000,1.849773,0
114,-3.541893,-2.727048,0,accepted,-3.536898,0.484638,-3.357736,0.377422,-3.299732,0.809851,0.547164,1.0000,1.706024,0
115,-3.587607,-2.321998,0,accepted,-3.357736,0.477422,-3.119824,0.367757,-3.305629,1.035737,0.718426,1.0000,1.601008,0
116,-3.388762,-2.923063,0,accepted,-3.119824,0.467757,-3.074170,0.359223,-3.409890,0.196761,0.138580,1.0000,1.548182,0
117,-3.202663,-3.374136,0,accepted,-3.074170,0.459223,-3.148371,0.345627,-3.562833,-0.299966,0.220156,1.0000,1.397235,0
118,-3.415956,-4.962536,0,accepted,-3.148371,0.445627,-3.620554,0.329642,-3.734645,-1.814166,1.386461,1.0000,1.266510,0
119,-3.450962,-4.081910,0,accepted,-3.620554,0.429642,-3.724955,0.332417,-3.783669,-0.461357,0.334825,1.0000,1.468979,0
120,-3.708131,,1,missing,-3.724955,0.432417,-3.724955,0.432417,-3.802868,,,0.0000,,0
121,-3.982288,,1,missing,-3.724955,0.532417,-3.724955,0.532417,-3.822067,,,0.0000,,0
122,-4.083250,,1,missing,-3.724955,0.632417,-3.724955,0.632417,-3.841266,,,0.0000,,0
123,-3.489038,,1,missing,-3.724955,0.732417,-3.724955,0.732417,-3.860465,,,0.0000,,0
124,-3.559126,,1,missing,-3.724955,0.832417,-3.724955,0.832417,-3.879665,,,0.0000,,0
125,-3.293346,,1,missing,-3.724955,0.932417,-3.724955,0.932417,-3.898864,,,0.0000,,0
126,-3.301115,,1,missing,-3.724955,1.032417,-3.724955,1.032417,-3.918063,,,0.0000,,0
127,-3.187413,,1,missing,-3.724955,1.132417,-3.724955,1.132417,-3.937262,,,0.0000,,0
128,-3.761689,,1,missing,-3.724955,1.232417,-3.724955,1.232417,-3.956461,,,0.0000,,0
129,-3.405501,,1,missing,-3.724955,1.332417,-3.724955,1.332417,-3.975661,,,0.0000,,0
130,-3.350704,,1,missing,-3.724955,1.432417,-3.724955,1.432417,-3.994860,,,0.0000,,0
131,-3.673295,,1,missing,-3.724955,1.532417,-3.724955,1.532417,-4.014059,,,0.0000,,0
132,-3.531539,,1,missing,-3.724955,1.632417,-3.724955,1.632417,-4.033258,,,0.0000,,0
133,-3.517753,,1,missing,-3.724955,1.732417,-3.724955,1.732417,-4.052458,,,0.0000,,0
134,-3.357407,,1,missing,-3.724955,1.832417,-3.724955,1.832417,-4.071657,,,0.0000,,0
135,-3.334095,,1,missing,-3.724955,1.932417,-3.724955,1.932417,-4.090856,,,0.0000,,0
136,-3.496745,,1,missing,-3.724955,2.032417,-3.724955,2.032417,-4.110055,,,0.0000,,0
137,-3.878028,,1,missing,-3.724955,2.132417,-3.724955,2.132417,-4.129254,,,0.0000,,0
138,-3.607689,,1,missing,-3.724955,2.232417,-3.724955,2.232417,-4.148454,,,0.0000,,0
139,-3.722441,,1,missing,-3.724955,2.332417,-3.724955,2.332417,-4.167653,,,0.0000,,0
140,-3.642077,,1,missing,-3.724955,2.432417,-3.724955,2.432417,-4.186852,,,0.0000,,0
141,-4.066884,,1,missing,-3.724955,2.532417,-3.724955,2.532417,-4.206051,,,0.0000,,0
142,-4.313162,,1,missing,-3.724955,2.632417,-3.724955,2.632417,-4.225251,,,0.0000,,0
143,-4.674167,,1,missing,-3.724955,2.732417,-3.724955,2.732417,-4.244450,,,0.0000,,0
144,-4.428771,,1,missing,-3.724955,2.832417,-3.724955,2.832417,-4.263649,,,0.0000,,0
145,-4.554304,,1,missing,-3.724955,2.932417,-3.724955,2.932417,-4.282848,,,0.0000,,0
146,-4.478793,,1,missing,-3.724955,3.032417,-3.724955,3.032417,-4.302047,,,0.0000,,0
147,-4.134516,,1,missing,-3.724955,3.132417,-3.724955,3.132417,-4.321247,,,0.0000,,0
148,-3.490939,,1,missing,-3.724955,3.232417,-3.724955,3.232417,-4.340446,,,0.0000,,0
149,-3.575892,,1,missing,-3.724955,3.332417,-3.724955,3.332417,-4.359645,,,0.0000,,0
150,-3.820209,,1,missing,-3.724955,3.432417,-3.724955,3.432417,-4.378844,,,0.0000,,0
151,-4.399345,,1,missing,-3.724955,3.532417,-3.724955,3.532417,-4.398044,,,0.0000,,0
152,-4.699073,,1,missing,-3.724955,3.632417,-3.724955,3.632417,-4.417243,,,0.0000,,0
153,-5.350889,,1,missing,-3.724955,3.732417,-3.724955,3.732417,-4.436442,,,0.0000,,0
154,-5.938657,,1,missing,-3.724955,3.832417,-3.724955,3.832417,-4.455641,,,0.0000,,0
155,-5.446457,,1,missing,-3.724955,3.932417,-3.724955,3.932417,-4.474840,,,0.0000,,0
156,-5.765867,,1,missing,-3.724955,4.032417,-3.724955,4.032417,-4.494040,,,0.0000,,0
157,-5.361053,,1,missing,-3.724955,4.132417,-3.724955,4.132417,-4.513239,,,0.0000,,0
158,-5.424864,,1,missing,-3.724955,4.232417,-3.724955,4.232417,-4.532438,,,0.0000,,0
159,-5.398075,,1,missing,-3.724955,4.332417,-3.724955,4.332417,-4.551637,,,0.0000,,0
160,-5.486185,,1,missing,-3.724955,4.432417,-3.724955,4.432417,-4.570836,,,0.0000,,0
161,-5.732375,,1,missing,-3.724955,4.532417,-3.724955,4.532417,-4.590036,,,0.0000,,0
162,-5.184534,,1,missing,-3.724955,4.632417,-3.724955,4.632417,-4.609235,,,0.0000,,0
163,-5.331509,,1,missing,-3.724955,4.732417,-3.724955,4.732417,-4.628434,,,0.0000,,0
164,-4.942944,,1,missing,-3.724955,4.832417,-3.724955,4.832417,-4.647633,,,0.0000,,0
165,-4.567273,,1,missing,-3.724955,4.932417,-3.724955,4.932417,-4.666833,,,0.0000,,0
166,-4.853746,,1,missing,-3.724955,5.032417,-3.724955,5.032417,-4.686032,,,0.0000,,0
167,-4.233697,,1,missing,-3.724955,5.132417,-3.724955,5.132417,-4.705231,,,0.0000,,0
168,-4.513178,,1,missing,-3.724955,5.232417,-3.724955,5.232417,-4.724430,,,0.0000,,0
169,-4.588988,,1,missing,-3.724955,5.332417,-3.724955,5.332417,-4.743629,,,0.0000,,0
170,-5.058218,,1,missing,-3.724955,5.432417,-3.724955,5.432417,-4.762829,,,0.0000,,0
171,-5.246948,,1,missing,-3.724955,5.532417,-3.724955,5.532417,-4.782028,,,0.0000,,0
172,-4.913085,,1,missing,-3.724955,5.632417,-3.724955,5.632417,-4.801227,,,0.0000,,0
173,-4.627584,,1,missing,-3.724955,5.732417,-3.724955,5.732417,-4.820426,,,0.0000,,0
174,-4.506905,,1,missing,-3.724955,5.832417,-3.724955,5.832417,-4.839626,,,0.0000,,0
175,-4.396005,,1,missing,-3.724955,5.932417,-3.724955,5.932417,-4.858825,,,0.0000,,0
176,-4.673865,,1,missing,-3.724955,6.032417,-3.724955,6.032417,-4.878024,,,0.0000,,0
177,-4.311156,,1,missing,-3.724955,6.132417,-3.724955,6.132417,-4.897223,,,0.0000,,0
178,-4.353805,,1,missing,-3.724955,6.232417,-3.724955,6.232417,-4.916422,,,0.0000,,0
179,-4.417243,,1,missing,-3.724955,6.332417,-3.724955,6.332417,-4.935622,,,0.0000,,0
180,-4.678865,-5.121092,0,accepted,-3.724955,6.432417,-4.879892,1.111282,-4.954821,-1.396137,0.500675,1.0000,1.343366,0
181,-4.853438,-4.361205,0,accepted,-4.879892,1.211282,-4.639654,0.650259,-4.957393,0.518687,0.320738,1.0000,1.403949,0
182,-5.049223,-4.713830,0,accepted,-4.639654,0.750259,-4.666924,0.474430,-5.019584,-0.074176,0.051924,1.0000,1.290458,0
183,-4.769783,-3.883804,0,accepted,-4.666924,0.574430,-4.407854,0.384398,-5.112350,0.783120,0.594298,1.0000,1.161962,0
184,-5.159445,-7.143912,0,accepted,-4.407854,0.484398,-5.240621,0.336963,-5.327971,-2.736058,2.168818,1.0000,1.107094,0
185,-5.288020,-6.207743,0,accepted,-5.240621,0.436963,-5.434299,0.349456,-5.361998,-0.967122,0.654725,1.0000,1.744986,0
186,-5.293607,-4.728556,0,accepted,-5.434299,0.449456,-5.284215,0.353874,-5.311451,0.705744,0.485454,1.0000,1.664020,0
187,-5.041742,-4.923983,0,accepted,-5.284215,0.453874,-5.202518,0.350940,-5.319193,0.360232,0.254639,1.0000,1.547425,0
188,-5.287056,-5.183322,0,accepted,-5.202518,0.450940,-5.197856,0.341413,-5.366455,0.019196,0.014088,1.0000,1.405659,0
189,-5.587690,-3.381074,0,accepted,-5.197856,0.441413,-4.727928,0.327238,-5.432032,1.816782,1.390734,1.0000,1.265130,0
190,-6.090893,-7.152707,0,accepted,-4.727928,0.427238,-5.274341,0.330962,-5.702704,-2.424779,1.761009,1.0000,1.468687,0
191,-6.524081,-6.997731,0,accepted,-5.274341,0.430962,-5.591641,0.351616,-5.828375,-1.723390,1.126438,1.0000,1.909773,0
192,-6.155348,-6.444561,0,accepted,-5.591641,0.451616,-5.747752,0.368956,-5.837111,-0.852921,0.542984,1.0000,2.015803,0
193,-6.198109,-4.788664,0,accepted,-5.747752,0.468956,-5.556842,0.375608,-5.785102,0.959088,0.624853,1.0000,1.886970,0
194,-6.190240,-7.063945,0,accepted,-5.556842,0.475608,-5.873185,0.375778,-5.832737,-1.507103,1.001211,1.0000,1.790258,0
195,-6.216449,-6.343259,0,accepted,-5.873185,0.475778,-5.969830,0.377960,-5.757251,-0.470074,0.309009,1.0000,1.838368,0
196,-5.863186,-6.017675,0,accepted,-5.969830,0.477960,-5.980444,0.371932,-5.623164,-0.047846,0.032596,1.0000,1.676629,0
197,-5.394709,-5.675444,0,accepted,-5.980444,0.471932,-5.907788,0.359511,-5.449626,0.305000,0.216692,1.0000,1.509195,0
198,-4.925908,-6.670369,0,accepted,-5.907788,0.459511,-6.099577,0.343945,-5.253507,-0.762581,0.564165,1.0000,1.367578,0
199,-4.660772,-5.222556,0,accepted,-6.099577,0.443945,-5.874899,0.330213,-4.915701,0.877021,0.666225,1.0000,1.288973,0
200,-3.892810,-4.259150,0,accepted,-5.874899,0.430213,-5.457964,0.319199,-4.547209,1.615749,1.251351,1.0000,1.236992,0
201,-3.827634,-1.959395,0,soft_outlier,-5.457964,0.419199,-4.694059,0.327668,-4.207523,3.498568,2.612359,0.9570,1.500670,0
202,-3.945254,-3.388126,0,accepted,-4.694059,0.427668,-4.493559,0.362008,-4.092650,1.305933,0.782464,1.0000,2.357894,0
203,-4.230274,-3.128272,0,accepted,-4.493559,0.462008,-4.264575,0.384521,-4.048230,1.365287,0.822603,1.0000,2.292651,0
204,-4.572046,-4.914191,0,accepted,-4.264575,0.484521,-4.379687,0.398663,-4.095805,-0.649617,0.392856,1.0000,2.249787,0
205,-4.471858,-5.751462,0,accepted,-4.379687,0.498663,-4.646305,0.401743,-4.061542,-1.371775,0.856411,1.0000,2.067008,0
206,-4.302708,-3.002056,0,accepted,-4.646305,0.501743,-4.322808,0.403028,-3.858287,1.644249,1.029623,1.0000,2.048484,0
207,-3.922051,-2.179689,0,accepted,-4.322808,0.503028,-3.910870,0.406339,-3.740655,2.143119,1.324777,1.0000,2.113991,0
208,-3.370158,-3.931862,0,accepted,-3.910870,0.506339,-3.914576,0.416953,-3.779119,-0.020992,0.012395,1.0000,2.361888,0
209,-3.119393,-4.459108,0,accepted,-3.914576,0.516953,-4.021095,0.415829,-3.802309,-0.544532,0.334965,1.0000,2.125743,0
210,-2.992435,-4.362550,0,accepted,-4.021095,0.515829,-4.092733,0.407607,-3.759820,-0.341455,0.217763,1.0000,1.942820,0
211,-2.728755,-2.241220,0,accepted,-4.092733,0.507607,-3.678305,0.393988,-3.657057,1.851513,1.229487,1.0000,1.760197,0
212,-2.749268,-3.290286,0,accepted,-3.678305,0.493988,-3.599132,0.393192,-3.695878,0.388019,0.249378,1.0000,1.926988,0
213,-2.825635,-6.487803,0,accepted,-3.599132,0.493192,-4.234426,0.384727,-3.775258,-2.888672,1.928983,1.0000,1.749345,0
214,-2.605844,-2.525341,0,accepted,-4.234426,0.484727,-3.948123,0.403526,-3.583384,1.709085,1.004722,1.0000,2.408853,0
215,-2.362954,-3.438336,0,accepted,-3.948123,0.503526,-3.861508,0.417975,-3.497314,0.509788,0.296129,1.0000,2.460064,0
216,-3.071286,-4.170881,0,accepted,-3.861508,0.517975,-3.919611,0.420696,-3.417141,-0.309372,0.186287,1.0000,2.240046,0
217,-3.665597,-1.913631,0,accepted,-3.919611,0.520696,-3.509407,0.414218,-3.261595,2.005979,1.257103,1.0000,2.025613,0
218,-4.117651,-4.267257,0,accepted,-3.509407,0.514218,-3.651651,0.417703,-3.240845,-0.757850,0.457862,1.0000,2.225447,0
219,-3.911721,-2.912931,0,accepted,-3.651651,0.517703,-3.503307,0.413742,-3.117454,0.738719,0.460082,1.0000,2.060336,0
220,-3.470529,-2.639064,0,accepted,-3.503307,0.513742,-3.320035,0.404797,-3.014516,0.864243,0.555257,1.0000,1.908873,0
221,-3.593997,-2.920443,0,accepted,-3.320035,0.504797,-3.232237,0.393884,-2.949122,0.399592,0.263628,1.0000,1.792677,0
222,-3.184532,-2.838261,0,accepted,-3.232237,0.493884,-3.140596,0.379003,-2.886597,0.393976,0.270376,1.0000,1.629377,0
223,-3.140905,-3.719649,0,accepted,-3.140596,0.479003,-3.282041,0.361998,-2.828905,-0.579053,0.413508,1.0000,1.481961,0
224,-3.246052,-2.042901,0,accepted,-3.282041,0.461998,-2.969089,0.345318,-2.682138,1.239139,0.916175,1.0000,1.367295,0
225,-3.775646,-1.677787,0,accepted,-2.969089,0.445318,-2.654762,0.336919,-2.599296,1.291302,0.954707,1.0000,1.384112,0
226,-3.578659,-2.042197,0,accepted,-2.654762,0.436919,-2.510042,0.333695,-2.608604,0.612565,0.450444,1.0000,1.412447,0
227,-3.147846,-3.066869,0,accepted,-2.510042,0.433695,-2.648638,0.325747,-2.674553,-0.556828,0.421837,1.0000,1.308726,0
228,-3.476690,-3.345401,0,accepted,-2.648638,0.425747,-2.830116,0.314858,-2.701270,-0.696763,0.544977,1.0000,1.208859,0
229,-3.217258,-5.211029,0,accepted,-2.830116,0.414858,-3.466801,0.303920,-2.663574,-2.380913,1.911545,1.0000,1.136521,0
230,-2.154382,-2.599969,0,accepted,-3.466801,0.403920,-3.291179,0.322085,-2.371133,0.866832,0.613916,1.0000,1.589744,0
231,-1.972661,-0.913462,0,accepted,-3.291179,0.422085,-2.770639,0.329680,-2.055808,2.377717,1.712409,1.0000,1.505909,0
232,-1.804236,-0.679309,0,accepted,-2.770639,0.429680,-2.388312,0.351128,-1.854718,2.091330,1.364131,1.0000,1.920672,0
233,-1.464168,0.326832,0,accepted,-2.388312,0.451128,-1.920283,0.373364,-1.771169,2.715144,1.678351,1.0000,2.165971,0
234,-2.115458,-2.310041,0,accepted,-1.920283,0.473364,-1.978670,0.402453,-1.897420,-0.389758,0.219258,1.0000,2.686575,0
235,-2.127857,-2.177374,0,accepted,-1.978670,0.502453,-2.012680,0.416453,-1.982408,-0.198704,0.115974,1.0000,2.433108,0
236,-2.341471,-1.662197,0,accepted,-2.012680,0.516453,-1.945892,0.418038,-2.047900,0.350483,0.212895,1.0000,2.193746,0
237,-2.302882,-1.737094,0,accepted,-1.945892,0.518038,-1.902707,0.410894,-2.151963,0.208798,0.131932,1.0000,1.986655,0
238,-2.429607,-2.761206,0,accepted,-1.902707,0.510894,-2.093135,0.397570,-2.297512,-0.858499,0.565679,1.0000,1.792349,0
239,-2.067143,-2.175250,0,accepted,-2.093135,0.497570,-2.111840,0.384231,-2.396692,-0.082115,0.055559,1.0000,1.686816,0
240,-1.709338,-2.855451,0,accepted,-2.111840,0.484231,-2.291606,0.367169,-2.518016,-0.743611,0.525413,1.0000,1.518809,0
241,-2.030939,-1.090232,0,accepted,-2.291606,0.467169,-1.994556,0.351657,-2.605596,1.201374,0.874012,1.0000,1.422224,0
242,-2.206418,-2.945930,0,accepted,-1.994556,0.451657,-2.223606,0.342918,-2.844713,-0.951375,0.694603,1.0000,1.424332,0
243,-2.071122,-2.344530,0,accepted,-2.223606,0.442918,-2.253110,0.334851,-3.073708,-0.120924,0.089750,1.0000,1.372410,0
244,-2.660889,-2.883961,0,accepted,-2.253110,0.434851,-2.417231,0.321721,-3.375621,-0.630851,0.487951,1.0000,1.236631,0
245,-2.802401,-3.810921,0,accepted,-2.417231,0.421721,-2.790527,0.308764,-3.726701,-1.393690,1.110700,1.0000,1.152765,0
246,-2.915256,-3.127270,0,accepted,-2.790527,0.408764,-2.874434,0.306912,-4.069358,-0.336743,0.262913,1.0000,1.231726,0
247,-2.890642,-3.312400,0,accepted,-2.874434,0.406912,-2.991157,0.298465,-4.506223,-0.437966,0.354445,1.0000,1.119893,0
248,-3.163994,-3.135811,0,accepted,-2.991157,0.398465,-3.031590,0.287087,-5.062472,-0.144654,0.121155,1.0000,1.027085,0
249,-3.159311,-3.875043,0,accepted,-3.031590,0.387087,-3.266968,0.279065,-5.811386,-0.843453,0.716158,1.0000,1.000000,0
250,-3.329882,-24.271299,0,rejected,-3.266968,0.379065,-3.266968,0.379065,-6.753934,,17.886135,0.0000,1.000000,0
251,-3.668480,-1.769506,0,accepted,-3.266968,0.479065,-2.781944,0.323897,-5.944746,1.497462,1.231295,1.0000,1.000000,0
252,-3.770545,-5.717123,0,accepted,-2.781944,0.423897,-3.632629,0.301042,-5.553082,-2.935179,2.427009,1.0000,1.038706,0
253,-3.932309,-3.575519,0,accepted,-3.632629,0.401042,-3.622206,0.327849,-5.145014,0.057110,0.038526,1.0000,1.796363,0
254,-3.854952,-4.516404,0,accepted,-3.622206,0.427849,-3.809296,0.338331,-4.893896,-0.894198,0.625313,1.0000,1.617053,0
255,-3.964158,-4.823133,0,accepted,-3.809296,0.438331,-4.034462,0.340981,-4.680527,-1.013837,0.721663,1.0000,1.535307,0
256,-3.888987,-4.887858,0,accepted,-4.034462,0.440981,-4.229904,0.339989,-4.452897,-0.853395,0.614998,1.0000,1.484563,0
257,-3.787193,-4.713319,0,accepted,-4.229904,0.439989,-4.344942,0.335285,-4.181771,-0.483415,0.355517,1.0000,1.408935,0
258,-3.492495,-2.132673,0,accepted,-4.344942,0.435285,-3.787249,0.325553,-3.857490,2.212270,1.683566,1.0000,1.291410,0
259,-3.583776,-4.019272,0,accepted,-3.787249,0.425553,-3.834782,0.338372,-3.705691,-0.232023,0.160986,1.0000,1.651683,0
260,-3.650205,-1.761466,0,accepted,-3.834782,0.438372,-3.363923,0.338816,-3.522533,2.073316,1.492301,1.0000,1.491898,0
261,-3.908614,-2.173039,0,accepted,-3.363923,0.438816,-3.127611,0.351740,-3.515483,1.190884,0.800824,1.0000,1.772572,0
262,-4.075171,-3.883486,0,accepted,-3.127611,0.451740,-3.283608,0.358510,-3.642677,-0.755875,0.510904,1.0000,1.737136,0
263,-4.236621,-4.759355,0,accepted,-3.283608,0.458510,-3.609064,0.357392,-3.745790,-1.475747,1.023476,1.0000,1.620557,0
264,-3.836835,-4.059530,0,accepted,-3.609064,0.457392,-3.705629,0.359342,-3.747546,-0.450466,0.308388,1.0000,1.676284,0
265,-3.648397,-3.065568,0,accepted,-3.705629,0.459342,-3.557760,0.353223,-3.718105,0.640061,0.453923,1.0000,1.528947,0
266,-3.957625,-3.693832,0,accepted,-3.557760,0.453223,-3.590735,0.343392,-3.753916,-0.136072,0.099499,1.0000,1.417020,0
267,-3.460216,-3.244204,0,accepted,-3.590735,0.443392,-3.501433,0.329129,-3.795737,0.346531,0.264184,1.0000,1.277170,0
268,-3.591750,-4.397018,0,accepted,-3.501433,0.429129,-3.743055,0.313353,-3.892710,-0.895585,0.710113,1.0000,1.161461,0
269,-3.899920,-5.943315,0,accepted,-3.743055,0.413353,-4.334061,0.302324,-3.939253,-2.200260,1.773668,1.0000,1.125522,0
270,-3.385268,-4.439133,0,accepted,-4.334061,0.402324,-4.356317,0.317105,-3.785390,-0.105072,0.076239,1.0000,1.497085,0
271,-2.936459,-3.370859,0,accepted,-4.356317,0.417105,-4.123511,0.318568,-3.566152,0.985458,0.741641,1.0000,1.348480,0
272,-3.144371,-3.341725,0,accepted,-4.123511,0.418568,-3.934285,0.317256,-3.366443,0.781786,0.594499,1.0000,1.310745,0
273,-3.313955,-2.596528,0,accepted,-3.934285,0.417256,-3.597631,0.312251,-3.169206,1.337757,1.038912,1.0000,1.240789,0
274,-2.864661,-3.612470,0,accepted,-3.597631,0.412251,-3.601213,0.312744,-3.029238,-0.014839,0.011355,1.0000,1.295670,0
275,-2.460937,-2.376463,0,accepted,-3.601213,0.412744,-3.281042,0.304845,-2.830945,1.224750,0.974708,1.0000,1.166125,0
276,-2.464831,-1.563266,0,accepted,-3.281042,0.404845,-2.847577,0.302686,-2.678101,1.717776,1.356175,1.0000,1.199514,0
277,-2.666439,-3.481632,0,accepted,-2.847577,0.402686,-2.991234,0.311450,-2.636741,-0.634055,0.475602,1.0000,1.374638,0
278,-2.603073,-3.722071,0,accepted,-2.991234,0.411450,-3.169288,0.311208,-2.510891,-0.730837,0.562378,1.0000,1.277377,0
279,-2.382402,-2.965738,0,accepted,-3.169288,0.411208,-3.117437,0.306459,-2.263924,0.203551,0.160209,1.0000,1.203051,0
280,-2.165715,-2.001226,0,accepted,-3.117437,0.406459,-2.813627,0.295829,-1.946775,1.116211,0.913410,1.0000,1.086889,0
281,-1.717429,-0.372056,0,accepted,-2.813627,0.395829,-2.168738,0.291279,-1.624181,2.441571,1.994451,1.0000,1.102793,0
282,-1.724431,-1.536266,0,accepted,-2.168738,0.391279,-2.043746,0.313953,-1.426800,0.632472,0.449487,1.0000,1.588641,0
283,-1.635854,-0.566585,0,accepted,-2.043746,0.413953,-1.719138,0.322986,-1.218472,1.477161,1.076263,1.0000,1.469779,0
284,-1.710909,-0.320552,0,accepted,-1.719138,0.422986,-1.417923,0.331887,-1.075332,1.398585,0.997975,1.0000,1.541001,0
285,-1.283890,-0.552671,0,accepted,-1.417923,0.431887,-1.232412,0.339290,-1.007671,0.865252,0.609636,1.0000,1.582505,0
286,-1.330335,-1.367025,0,accepted,-1.232412,0.439290,-1.262919,0.339737,-0.985509,-0.134612,0.096686,1.0000,1.499121,0
287,-1.096862,-0.591083,0,accepted,-1.262919,0.439737,-1.097943,0.331755,-0.925196,0.671836,0.502047,1.0000,1.351021,0
288,-1.029442,0.065906,0,accepted,-1.097943,0.431755,-0.801101,0.321635,-0.898295,1.163849,0.894525,1.0000,1.261055,0
289,-1.181550,-1.559923,0,accepted,-0.801101,0.421635,-0.990190,0.316569,-0.967813,-0.758823,0.583358,1.0000,1.270404,0
290,-1.330977,-0.125306,0,accepted,-0.990190,0.416569,-0.767451,0.309287,-0.978120,0.864884,0.680039,1.0000,1.200945,0
291,-1.444552,-2.913230,0,accepted,-0.767451,0.409287,-1.328648,0.302244,-1.073709,-2.145779,1.715285,1.0000,1.155653,0
292,-1.585454,-1.759146,0,accepted,-1.328648,0.402244,-1.419655,0.317210,-0.985346,-0.430498,0.312089,1.0000,1.500524,0
293,-1.628590,-0.594546,0,accepted,-1.419655,0.417210,-1.226933,0.319761,-0.819603,0.825109,0.617368,1.0000,1.369005,0
294,-1.424897,0.070260,0,accepted,-1.226933,0.419761,-0.910346,0.317317,-0.676365,1.297193,0.989116,1.0000,1.300185,0
295,-0.483256,-0.698775,0,accepted,-0.910346,0.417317,-0.860059,0.318127,-0.607790,0.211571,0.159670,1.0000,1.338437,0
296,-0.091475,-0.872692,0,accepted,-0.860059,0.418127,-0.863305,0.310684,-0.530116,-0.012633,0.009903,1.0000,1.209070,0
297,-0.249984,0.526141,0,accepted,-0.863305,0.410684,-0.482601,0.298158,-0.418185,1.389446,1.134908,1.0000,1.088179,0
298,-0.440348,-0.917104,0,accepted,-0.482601,0.398158,-0.592752,0.297221,-0.400687,-0.434503,0.346707,1.0000,1.172417,0
299,0.008575,-1.270836,0,accepted,-0.592752,0.397221,-0.775824,0.289977,-0.331546,-0.678084,0.559032,1.0000,1.074054,0
300,0.365829,1.427198,0,accepted,-0.775824,0.389977,-0.163301,0.281549,-0.168477,2.203022,1.860163,1.0000,1.012629,0
301,0.935818,1.928405,0,accepted,-0.163301,0.381549,0.285506,0.299682,-0.015381,2.091706,1.568573,1.0000,1.396696,0
302,0.922980,7.629446,0,rejected,0.285506,0.399682,0.285506,0.399682,0.125567,,5.074774,0.0000,1.694550,0
303,1.003030,4.037038,0,soft_outlier,0.285506,0.499682,1.122847,0.388153,0.219615,3.751532,2.532604,0.9871,1.739038,0
304,1.178070,-2.204272,0,accepted,1.122847,0.488153,0.642991,0.417749,0.289805,-3.327119,1.808473,1.0000,2.896490,0
305,1.198959,2.507751,0,accepted,0.642991,0.517749,0.871152,0.454400,0.375582,1.864761,0.906510,1.0000,3.713813,0
306,1.101084,1.877426,0,accepted,0.871152,0.554400,1.002585,0.481988,0.448034,1.006274,0.488427,1.0000,3.690165,0
307,1.019841,-4.774567,0,soft_outlier,1.002585,0.581988,0.349211,0.516167,0.511552,-5.777152,2.886990,0.8660,4.563966,0
308,0.796730,-5.407501,0,accepted,0.349211,0.616167,-0.222986,0.554922,0.608108,-5.756712,2.312123,1.0000,5.582914,0
309,0.687578,5.067030,0,accepted,-0.222986,0.654922,0.162242,0.607230,0.742261,5.290016,1.763974,1.0000,8.338596,0
310,1.005412,3.582306,0,accepted,0.162242,0.707230,0.381922,0.661802,0.849385,3.420065,1.030701,1.0000,10.303163,0
311,0.727772,0.229239,0,accepted,0.381922,0.761802,0.371541,0.710006,0.939428,-0.152684,0.045614,1.0000,10.442531,0
312,0.608508,3.925398,0,accepted,0.371541,0.810006,0.653468,0.745748,1.033909,3.553857,1.112177,1.0000,9.400609,0
313,1.006029,11.897151,0,soft_outlier,0.653468,0.845748,1.142268,0.808981,1.110319,11.243684,3.458484,0.7229,18.608693,0
314,1.134087,-0.738547,0,accepted,1.142268,0.908981,1.037163,0.858185,1.119311,-1.880814,0.466344,1.0000,15.356989,0
315,1.097974,10.797298,0,soft_outlier,1.037163,0.958185,1.651023,0.897920,1.139915,9.760134,2.508939,0.9964,14.276587,0
316,1.363129,-2.140296,0,accepted,1.651023,0.997920,1.488040,0.955021,1.100160,-3.791320,0.786897,1.0000,22.215796,0
317,1.251998,2.525806,0,accepted,1.488040,1.055021,1.536730,1.005522,1.080658,1.037765,0.218845,1.0000,21.431627,0
318,1.081963,-0.682695,0,accepted,1.536730,1.105522,1.417051,1.045909,1.052124,-2.219425,0.490169,1.0000,19.396160,0
319,0.870612,1.489221,0,accepted,1.417051,1.145909,1.421382,1.077142,1.034432,0.072170,0.016516,1.0000,17.949128,0
320,0.484383,0.237551,0,accepted,1.421382,1.177142,1.340979,1.097193,1.013898,-1.183830,0.284359,1.0000,16.154736,0
321,-0.073671,-0.681976,0,accepted,1.340979,1.197193,1.188436,1.106917,0.998216,-2.022955,0.507700,1.0000,14.679408,0
322,-0.157051,7.913017,0,accepted,1.188436,1.206917,1.735793,1.108678,0.993036,6.724581,1.746343,1.0000,13.620702,0
323,-0.560598,-0.193814,0,accepted,1.735793,1.208678,1.606146,1.127469,0.944605,-1.929608,0.454948,1.0000,16.780632,0
324,-0.409283,-3.400942,0,accepted,1.606146,1.227469,1.238171,1.137261,0.903290,-5.007088,1.225169,1.0000,15.474907,0
325,-0.093869,-0.164278,0,accepted,1.238171,1.237261,1.139981,1.150636,0.888876,-1.402450,0.333616,1.0000,16.434509,0
326,-0.388717,-3.686640,0,accepted,1.139981,1.250636,0.768248,1.154316,0.881044,-4.826621,1.197766,1.0000,14.987744,0
327,-0.157468,3.976451,0,accepted,0.768248,1.254316,1.003949,1.162163,0.901760,3.208203,0.776440,1.0000,15.818597,0
328,0.349223,-0.470660,0,accepted,1.003949,1.262163,0.891341,1.165779,0.903260,-1.474609,0.362714,1.0000,15.265994,0
329,0.744103,6.147989,0,accepted,0.891341,1.265779,1.328437,1.160528,0.913346,5.256649,1.347300,1.0000,13.956841,0
330,0.682159,-0.502240,0,accepted,1.328437,1.260528,1.189298,1.164722,0.890716,-1.830677,0.449526,1.0000,15.324393,0
331,0.640236,-0.277954,0,accepted,1.189298,1.264722,1.068736,1.160802,0.876792,-1.467252,0.373990,1.0000,14.127091,0
332,0.825086,-8.399068,0,soft_outlier,1.068736,1.260802,0.235657,1.149863,0.870085,-9.467804,2.513338,0.9947,13.067999,0
333,0.932774,3.780301,0,accepted,0.235657,1.249863,0.439297,1.178058,0.921310,3.544644,0.759954,1.0000,20.505740,0
334,0.645246,-0.296349,0,accepted,0.439297,1.278058,0.394504,1.200237,0.954667,-0.735646,0.160571,1.0000,19.711617,0
335,0.449295,1.130811,0,accepted,0.394504,1.300237,0.444642,1.211699,0.995842,0.736307,0.168501,1.0000,17.794573,0
336,0.640548,1.488273,0,accepted,0.444642,1.311699,0.523402,1.212709,1.036174,1.043631,0.250328,1.0000,16.069330,0
337,0.897636,5.612177,0,accepted,0.523402,1.312709,0.943955,1.204222,1.073680,5.088775,1.276830,1.0000,14.571314,0
338,0.501016,0.824808,0,accepted,0.943955,1.304222,0.934819,1.204211,1.082821,-0.119147,0.028891,1.0000,15.703746,0
339,0.720770,1.233120,0,accepted,0.934819,1.304211,0.960018,1.194037,1.093574,0.298301,0.075918,1.0000,14.134791,0
340,0.460728,4.231800,0,accepted,0.960018,1.294037,1.261910,1.174635,1.103455,3.271783,0.873664,1.0000,12.730210,0
341,-0.051494,1.369441,0,accepted,1.261910,1.274635,1.271840,1.156923,1.093784,0.107531,0.028944,1.0000,12.527645,0
342,0.105925,3.036610,0,accepted,1.271840,1.256923,1.448828,1.130867,1.082390,1.764770,0.498496,1.0000,11.276037,0
343,0.086044,-1.032957,0,accepted,1.448828,1.230867,1.187532,1.101274,1.058783,-2.481785,0.725844,1.0000,10.459875,0
344,0.226910,0.311665,0,accepted,1.187532,1.201274,1.093849,1.072786,1.048248,-0.875867,0.261353,1.0000,10.029813,0
345,-0.196586,-3.410672,0,accepted,1.093849,1.172786,0.579771,1.038942,1.042317,-4.504522,1.405172,1.0000,9.103546,0
346,-0.101909,-2.944707,0,accepted,0.579771,1.138942,0.226448,1.024765,1.064218,-3.524478,1.045641,1.0000,10.222263,0
347,-0.093881,-2.484379,0,accepted,0.226448,1.124765,-0.037151,1.015394,1.111174,-2.710827,0.797061,1.0000,10.442231,0
348,0.115952,6.986511,0,accepted,-0.037151,1.115394,0.659326,1.004790,1.180602,7.023662,2.094213,1.0000,10.132866,0
349,-0.182156,1.804077,0,accepted,0.659326,1.104790,0.742763,1.024265,1.213744,1.144752,0.294033,1.0000,14.052762,0
350,-0.085666,-2.206679,0,accepted,0.742763,1.124265,0.504253,1.033350,1.243196,-2.949442,0.791022,1.0000,12.778531,0
351,0.045871,10.404609,0,soft_outlier,0.504253,1.133350,1.228167,1.050479,1.294209,9.900355,2.694141,0.9279,14.366517,0
352,0.088999,2.374847,0,accepted,1.228167,1.150479,1.291824,1.086611,1.288283,1.146680,0.251887,1.0000,19.573507,0
353,0.419666,0.205651,0,accepted,1.291824,1.186611,1.223754,1.112246,1.275565,-1.086173,0.249618,1.0000,17.747644,0
354,-0.131937,3.524405,0,accepted,1.223754,1.212246,1.384936,1.127317,1.269535,2.300652,0.553081,1.0000,16.090857,0
355,-0.363659,-10.462513,0,soft_outlier,1.384936,1.227317,0.723636,1.158811,1.249412,-11.847449,2.940041,0.8503,20.760532,0
356,-0.597960,-3.728120,0,accepted,0.723636,1.258811,0.498739,1.195217,1.302488,-4.451756,0.891819,1.0000,23.658957,0
357,-0.188912,-1.944831,0,accepted,0.498739,1.295217,0.369926,1.226940,1.387005,-2.443570,0.492971,1.0000,23.274874,0
358,0.376253,5.024955,0,accepted,0.369926,1.326940,0.639998,1.249954,1.492347,4.655029,0.973365,1.0000,21.544490,0
359,0.365467,-1.614837,0,accepted,0.639998,1.349954,0.507116,1.270398,1.575609,-2.254835,0.471120,1.0000,21.556971,0
360,0.806203,3.817372,0,accepted,0.507116,1.370398,0.720290,1.282147,1.678812,3.310256,0.717587,1.0000,19.909702,0
361,0.672734,-0.956842,0,accepted,0.720290,1.382147,0.606642,1.288488,1.768649,-1.677132,0.371354,1.0000,19.014511,0
362,0.885520,5.939903,0,accepted,0.606642,1.388488,1.000894,1.285847,1.875520,5.333261,1.230587,1.0000,17.394337,0
363,1.171742,10.199617,0,accepted,1.000894,1.385847,1.641978,1.289263,1.956989,9.198723,2.062830,1.0000,18.499270,0
364,1.250005,1.144098,0,accepted,1.641978,1.389263,1.615877,1.316432,1.986941,-0.497880,0.096716,1.0000,25.110993,0
365,1.699529,0.651605,0,accepted,1.615877,1.416432,1.559065,1.332980,2.022162,-0.964272,0.196663,1.0000,22.624682,0
366,2.177619,-1.467365,0,accepted,1.559065,1.432980,1.360930,1.339165,2.065948,-3.026429,0.646883,1.0000,20.455196,0
367,2.107943,5.818315,0,accepted,1.360930,1.439165,1.669862,1.339420,2.131817,4.457386,0.978175,1.0000,19.325604,0
368,2.490947,2.781128,0,accepted,1.669862,1.439420,1.746694,1.339900,2.174646,1.111266,0.243548,1.0000,19.379872,0
369,2.949777,-2.055466,0,accepted,1.746694,1.439900,1.458630,1.330808,2.213684,-3.802160,0.872154,1.0000,17.565376,0
370,2.777951,2.939782,0,accepted,1.458630,1.430808,1.572048,1.321246,2.279404,1.481152,0.342649,1.0000,17.254480,0
371,2.886863,-2.047487,0,accepted,1.572048,1.421246,1.272435,1.303600,2.340997,-3.619535,0.873518,1.0000,15.748414,0
372,3.229498,2.393459,0,accepted,1.272435,1.403600,1.365610,1.286938,2.430019,1.121024,0.272794,1.0000,15.483676,0
373,2.900309,-0.480608,0,accepted,1.365610,1.386938,1.199854,1.262417,2.519268,-1.846218,0.469730,1.0000,14.060978,0
374,3.327305,0.815890,0,accepted,1.199854,1.362417,1.163420,1.233140,2.627267,-0.383964,0.101331,1.0000,12.995732,0
375,3.215488,5.938216,0,accepted,1.163420,1.333140,1.651418,1.196889,2.746587,4.774796,1.322053,1.0000,11.710902,0
376,3.069863,-0.977793,0,accepted,1.651418,1.296889,1.409873,1.177744,2.845959,-2.629211,0.699779,1.0000,12.819679,0
377,2.734591,8.896118,0,accepted,1.409873,1.277744,2.118076,1.156869,2.969230,7.486246,2.036990,1.0000,12.228987,0
378,2.350766,1.569378,0,accepted,2.118076,1.256869,2.079478,1.168455,3.055457,-0.548698,0.129809,1.0000,16.610475,0
379,2.558004,4.420369,0,accepted,2.079478,1.268455,2.262227,1.169429,3.150973,2.340892,0.580740,1.0000,14.979535,0
380,2.968899,4.207385,0,accepted,2.262227,1.269429,2.423626,1.164098,3.238555,1.945158,0.497306,1.0000,14.029559,0
381,3.615642,7.480923,0,accepted,2.423626,1.264098,2.871653,1.152112,3.320082,5.057297,1.338815,1.0000,13.004967,0
382,3.328402,1.772950,0,accepted,2.871653,1.252112,2.782979,1.151057,3.375603,-1.098703,0.278943,1.0000,14.262095,0
383,3.075825,-1.068132,0,accepted,2.782979,1.251057,2.443869,1.140895,3.441141,-3.851112,1.021703,1.0000,12.956601,0
384,2.728025,3.947494,0,accepted,2.443869,1.240895,2.573577,1.133851,3.534862,1.503625,0.396447,1.0000,13.144047,0
385,3.397541,4.573869,0,accepted,2.573577,1.233851,2.759291,1.119296,3.626004,2.000291,0.548703,1.0000,12.055731,0
386,3.496596,4.905630,0,accepted,2.759291,1.219296,2.969164,1.100071,3.711222,2.146338,0.607816,1.0000,11.250274,0
387,3.824433,6.524547,0,accepted,2.969164,1.200071,3.331179,1.077878,3.788975,3.555383,1.035627,1.0000,10.585924,0
388,3.798163,14.482594,0,soft_outlier,3.331179,1.177878,4.018281,1.105302,3.849630,11.151415,3.223264,0.7756,17.938651,0
389,3.797347,2.260825,0,accepted,4.018281,1.205302,3.903148,1.126341,3.843830,-1.757456,0.409727,1.0000,17.193068,0
390,3.669340,2.462236,0,accepted,3.903148,1.226341,3.799259,1.137922,3.847923,-1.440912,0.349380,1.0000,15.782627,0
391,4.338001,2.384991,0,accepted,3.799259,1.237922,3.687389,1.140001,3.860677,-1.414267,0.357500,1.0000,14.411987,0
392,4.282640,0.929085,0,accepted,3.687389,1.240001,3.450046,1.133303,3.882654,-2.758304,0.726604,1.0000,13.170803,0
393,4.008407,4.652494,0,accepted,3.450046,1.233303,3.557137,1.123464,3.923090,1.202448,0.323128,1.0000,12.614547,0
394,4.394126,0.690044,0,accepted,3.557137,1.223464,3.281393,1.105797,3.958968,-2.867093,0.803857,1.0000,11.497680,0
395,4.086703,6.910512,0,accepted,3.281393,1.205797,3.634986,1.088313,4.015277,3.629119,1.031611,1.0000,11.169934,0
396,4.277736,0.882167,0,accepted,3.634986,1.188313,3.374504,1.075871,4.053490,-2.752819,0.776805,1.0000,11.369991,0
397,3.853185,4.226493,0,accepted,3.374504,1.175871,3.456847,1.062226,4.111524,0.851989,0.244258,1.0000,10.990794,0
398,3.351873,5.930844,0,accepted,3.456847,1.162226,3.715269,1.040825,4.168840,2.473998,0.741685,1.0000,9.964303,0
399,2.992766,0.174788,0,accepted,3.715269,1.140825,3.338517,1.019427,4.215143,-3.540481,1.081308,1.0000,9.579939,0
400,2.935681,23.013851,0,rejected,3.338517,1.119427,3.338517,1.119427,4.286698,,5.933720,0.0000,9.875446,0
401,3.229211,1.904016,0,accepted,3.338517,1.219427,3.180852,1.085401,4.241209,-1.434501,0.430665,1.0000,9.875446,0
402,3.575060,4.525303,0,accepted,3.180852,1.185401,3.335897,1.048699,4.210327,1.344450,0.419341,1.0000,9.093680,0
403,3.724439,6.016900,0,accepted,3.335897,1.148699,3.659603,1.010004,4.177477,2.681004,0.869203,1.0000,8.365067,0
404,3.477269,3.055339,0,accepted,3.659603,1.110004,3.587923,0.978331,4.133130,-0.604264,0.197538,1.0000,8.247338,0
405,3.008443,5.721580,0,accepted,3.587923,1.078331,3.857416,0.942131,4.095519,2.133657,0.730232,1.0000,7.459118,0
406,3.431977,4.325332,0,accepted,3.857416,1.042131,3.916807,0.909858,4.047745,0.467916,0.163298,1.0000,7.168456,0
407,2.655662,1.414683,0,accepted,3.916807,1.009858,3.579152,0.873581,3.998237,-2.502124,0.914662,1.0000,6.473505,0
408,2.873836,5.536994,0,accepted,3.579152,0.973581,3.835841,0.845937,3.964875,1.957842,0.718466,1.0000,6.452217,0
409,2.899869,4.455594,0,accepted,3.835841,0.945937,3.917991,0.820549,3.921688,0.619754,0.231998,1.0000,6.190309,0
410,3.055099,6.630060,0,accepted,3.917991,0.920549,4.300304,0.790782,3.875164,2.712069,1.061295,1.0000,5.609688,0
411,3.169611,4.384220,0,accepted,4.300304,0.890782,4.311503,0.771907,3.811422,0.083915,0.032480,1.0000,5.784251,0
412,3.489083,3.233313,0,accepted,4.311503,0.871907,4.156844,0.746839,3.744100,-1.078189,0.437320,1.0000,5.206530,0
413,3.698209,3.794174,0,accepted,4.156844,0.846839,4.102476,0.719889,3.679971,-0.362670,0.152591,1.0000,4.802126,0
414,3.653033,10.811228,0,soft_outlier,4.102476,0.819889,4.902454,0.722122,3.615127,6.708752,2.954808,0.8461,6.055839,0
415,2.963957,1.599080,0,accepted,4.902454,0.822122,4.560655,0.737057,3.505308,-3.303374,1.171916,1.0000,7.123407,0
416,3.129116,4.356692,0,accepted,4.560655,0.837057,4.540182,0.753038,3.407403,-0.203963,0.070629,1.0000,7.502294,0
417,3.317746,1.835053,0,accepted,4.540182,0.853038,4.236923,0.757408,3.303565,-2.705129,0.980656,1.0000,6.756224,0
418,3.629701,-2.405788,0,accepted,4.236923,0.857408,3.494332,0.761558,3.208905,-6.642711,2.398578,1.0000,6.812374,0
419,3.003312,-0.269372,0,accepted,3.494332,0.861558,3.210020,0.796476,3.149337,-3.763704,1.114456,1.0000,10.543698,0
420,2.922314,2.591556,0,accepted,3.210020,0.896476,3.163043,0.828382,3.111136,-0.618464,0.180024,1.0000,10.905874,0
421,3.772699,1.004982,0,accepted,3.163043,0.928382,2.977222,0.848443,3.076182,-2.158061,0.657228,1.0000,9.853537,0
422,3.563246,-3.634182,0,accepted,2.977222,0.948443,2.367387,0.860959,3.054173,-6.611404,2.061805,1.0000,9.333906,0
423,2.829473,1.923333,0,accepted,2.367387,0.960959,2.336313,0.893714,3.073966,-0.444054,0.119829,1.0000,12.771582,0
424,3.486476,1.183244,0,accepted,2.336313,0.993714,2.244705,0.914766,3.100951,-1.153070,0.326035,1.0000,11.514142,0
425,3.935386,2.756122,0,accepted,2.244705,1.014766,2.289792,0.925304,3.139922,0.511417,0.150740,1.0000,10.495685,0
426,4.031902,3.807134,0,accepted,2.289792,1.025304,2.437992,0.925162,3.181291,1.517342,0.468316,1.0000,9.472271,0
427,4.418080,7.565186,0,accepted,2.437992,1.025162,2.975412,0.917707,3.218749,5.127194,1.639459,1.0000,8.755277,0
428,4.411113,4.887329,0,accepted,2.975412,1.017707,3.144224,0.927849,3.229041,1.911917,0.563151,1.0000,10.508561,0
429,4.341369,3.536125,0,accepted,3.144224,1.027849,3.181346,0.930488,3.228969,0.391902,0.118971,1.0000,9.823248,0
430,4.449679,3.749363,0,accepted,3.181346,1.030488,3.240550,0.923081,3.226978,0.568017,0.180648,1.0000,8.856282,0
431,4.328457,-0.462697,0,accepted,3.240550,1.023081,2.820793,0.907117,3.221721,-3.703247,1.232636,1.0000,8.002918,0
432,3.963942,2.546943,0,accepted,2.820793,1.007117,2.792007,0.901254,3.239493,-0.273850,0.088472,1.0000,8.574030,0
433,3.605894,2.436482,0,accepted,2.792007,1.001254,2.751210,0.886358,3.261592,-0.355526,0.120359,1.0000,7.724126,0
434,3.884155,5.107127,0,accepted,2.751210,0.986358,3.043483,0.863992,3.288849,2.355917,0.835520,1.0000,6.964353,0
435,3.540358,2.517694,0,accepted,3.043483,0.963992,2.978393,0.844653,3.304741,-0.525790,0.188421,1.0000,6.822952,0
436,3.543033,4.240699,0,accepted,2.978393,0.944653,3.146036,0.819196,3.325552,1.262307,0.473304,1.0000,6.168302,0
437,3.439914,4.577717,0,accepted,3.146036,0.919196,3.344527,0.791757,3.340644,1.431681,0.556018,1.0000,5.710814,0
438,3.349748,1.115917,0,accepted,3.344527,0.891757,3.025856,0.764244,3.348004,-2.228610,0.892411,1.0000,5.344704,0
439,3.383061,8.485394,0,accepted,3.025856,0.864244,3.790442,0.743210,3.369315,5.459538,2.197723,1.0000,5.306903,0
440,3.096447,2.985991,0,accepted,3.790442,0.843210,3.711568,0.760536,3.358650,-0.804452,0.274314,1.0000,7.756868,0
441,3.014053,8.684784,0,accepted,3.711568,0.860536,4.252853,0.766875,3.350314,4.973216,1.768671,1.0000,7.045896,0
442,3.081972,4.619800,0,accepted,4.252853,0.866875,4.285709,0.789256,3.308638,0.366947,0.117932,1.0000,8.814594,0
443,2.788758,8.295930,0,accepted,4.285709,0.889256,4.689305,0.799759,3.258767,4.010221,1.349100,1.0000,7.946599,0
444,3.301664,10.235871,0,accepted,4.689305,0.899759,5.205934,0.815952,3.177413,5.546566,1.784589,1.0000,8.760126,0
445,3.658954,-1.620844,0,accepted,5.205934,0.915952,4.679432,0.845311,3.051945,-6.826778,1.980941,1.0000,10.960553,0
446,3.817275,-0.253351,0,accepted,4.679432,0.945311,4.378015,0.887548,2.955681,-4.932783,1.254130,1.0000,14.524988,0
447,3.649631,-2.063813,0,accepted,4.378015,0.987548,3.992305,0.928418,2.879474,-6.441828,1.586192,1.0000,15.505724,0
448,3.487235,7.687392,0,accepted,3.992305,1.028418,4.190917,0.973140,2.834162,3.695087,0.844753,1.0000,18.104866,0
449,3.500237,3.645904,0,accepted,4.190917,1.073140,4.159695,1.011664,2.758518,-0.545012,0.125923,1.0000,17.659746,0
450,2.902903,10.039137,0,accepted,4.159695,1.111664,4.543370,1.039120,2.677327,5.879442,1.424503,1.0000,15.923475,0
451,2.573576,2.625433,0,accepted,4.543370,1.139120,4.427939,1.070562,2.550125,-1.917937,0.440852,1.0000,17.787911,0
452,2.227458,0.275296,0,accepted,4.427939,1.170562,4.150925,1.092476,2.422452,-4.152643,0.991326,1.0000,16.376968,0
453,1.905667,7.088124,0,accepted,4.150925,1.192476,4.349299,1.111938,2.308200,2.937200,0.699013,1.0000,16.463716,0
454,1.520587,-1.624978,0,accepted,4.349299,1.211938,3.920667,1.124986,2.164072,-5.974277,1.453600,1.0000,15.680059,0
455,1.543782,5.425656,0,accepted,3.920667,1.224986,4.018179,1.145616,2.043626,1.504989,0.346123,1.0000,17.681251,0
456,1.552642,4.954471,0,accepted,4.018179,1.245616,4.085263,1.156370,1.902043,0.936292,0.224554,1.0000,16.139625,0
457,1.337109,-4.052168,0,accepted,4.085263,1.256370,3.441040,1.156906,1.741382,-8.137431,2.042693,1.0000,14.613327,0
458,1.089598,-0.298804,0,accepted,3.441040,1.256906,3.217527,1.181786,1.616930,-3.739844,0.815505,1.0000,19.773773,0
459,0.258377,-1.833088,0,accepted,3.217527,1.281786,2.901374,1.201551,1.504452,-5.050615,1.116125,1.0000,19.195039,0
460,-0.025211,5.431885,0,accepted,2.901374,1.301551,3.057261,1.221371,1.412833,2.530512,0.550528,1.0000,19.826406,0
461,-0.118770,-5.326788,0,accepted,3.057261,1.321371,2.497899,1.233212,1.296096,-8.384049,1.883914,1.0000,18.484114,0
462,-0.102292,4.410037,0,accepted,2.497899,1.333212,2.599878,1.262109,1.220751,1.912138,0.382442,1.0000,23.664931,0
463,0.301556,-1.651923,0,accepted,2.599878,1.362109,2.348364,1.281534,1.125474,-4.251801,0.886058,1.0000,21.664065,0
464,-0.164239,-0.260944,0,accepted,2.348364,1.381534,2.189469,1.297404,1.047555,-2.609308,0.547819,1.0000,21.305440,0
465,-0.039249,1.322001,0,accepted,2.189469,1.397404,2.132432,1.305524,0.977814,-0.867468,0.188166,1.0000,19.855744,0
466,-0.246284,-2.497103,0,accepted,2.132432,1.405524,1.796173,1.303436,0.905922,-4.629535,1.052413,1.0000,17.945420,0
467,-0.447896,1.222427,0,accepted,1.796173,1.403436,1.755294,1.303443,0.855299,-0.573747,0.129275,1.0000,18.294138,0
468,-0.696528,0.451159,0,accepted,1.755294,1.403443,1.653050,1.293413,0.802381,-1.304136,0.308236,1.0000,16.497642,0
469,-0.434449,4.162574,0,accepted,1.653050,1.393413,1.866122,1.275105,0.751659,2.509523,0.619468,1.0000,15.017955,0
470,-0.013958,0.153485,0,accepted,1.866122,1.375105,1.714389,1.253276,0.679618,-1.712637,0.434715,1.0000,14.145930,0
471,0.477391,4.771968,0,accepted,1.714389,1.353276,2.002174,1.225903,0.610866,3.057579,0.806361,1.0000,13.024650,0
472,0.365808,0.885590,0,accepted,2.002174,1.325903,1.896296,1.200177,0.516107,-1.116584,0.298601,1.0000,12.657064,0
473,0.175883,2.288341,0,accepted,1.896296,1.300177,1.936069,1.168277,0.419038,0.392044,0.109510,1.0000,11.516034,0
474,0.237684,-6.168684,0,accepted,1.936069,1.268277,1.053599,1.130183,0.310287,-8.104752,2.374721,1.0000,10.379800,0
475,0.354604,-2.302010,0,accepted,1.053599,1.230183,0.812768,1.141893,0.242029,-3.355609,0.810507,1.0000,15.910521,0
476,0.333438,-3.769796,0,accepted,0.812768,1.241893,0.471728,1.149470,0.189671,-4.582564,1.121798,1.0000,15.445480,0
477,0.254584,3.575060,0,accepted,0.471728,1.249470,0.696507,1.158969,0.162060,3.103331,0.747186,1.0000,16.000921,0
478,0.468749,5.263671,0,accepted,0.696507,1.258969,1.042411,1.163619,0.113117,4.567164,1.120195,1.0000,15.363896,0
479,0.683765,1.213852,0,accepted,1.042411,1.263619,1.055023,1.170661,0.031984,0.171441,0.041366,1.0000,15.913405,0
480,0.526638,-5.468917,0,accepted,1.055023,1.270661,0.523483,1.167134,-0.056536,-6.523940,1.651992,1.0000,14.325003,0
481,0.546708,-3.510664,0,accepted,0.523483,1.267134,0.245907,1.179946,-0.111229,-4.034148,0.940062,1.0000,17.148683,0
482,0.861611,-3.508768,0,accepted,0.245907,1.279946,-0.016115,1.190625,-0.144675,-3.754675,0.876715,1.0000,17.061249,0
483,0.935395,2.533554,0,accepted,-0.016115,1.290625,0.166138,1.198370,-0.157096,2.549668,0.600038,1.0000,16.764883,0
484,0.613313,4.197701,0,accepted,0.166138,1.298370,0.473382,1.199422,-0.186333,4.031563,0.976740,1.0000,15.738475,0
485,0.418408,-2.741018,0,accepted,0.473382,1.299422,0.228969,1.200618,-0.242970,-3.214399,0.777564,1.0000,15.789978,0
486,0.218501,-2.051184,0,accepted,0.228969,1.300618,0.049722,1.198374,-0.283995,-2.280153,0.560574,1.0000,15.244216,0
487,-0.591688,-3.424972,0,accepted,0.049722,1.298374,-0.240626,1.189881,-0.313974,-3.474695,0.881491,1.0000,14.239704,0
488,-0.693099,-4.160566,0,accepted,-0.240626,1.289881,-0.570820,1.181228,-0.324510,-3.919940,1.001728,1.0000,14.023084,0
489,-0.484997,-1.885409,0,accepted,-0.570820,1.281228,-0.679916,1.174901,-0.311071,-1.314589,0.334569,1.0000,14.157369,0
490,-0.572237,-0.632415,0,accepted,-0.679916,1.274901,-0.675648,1.160352,-0.287792,0.047501,0.012610,1.0000,12.914446,0
491,-0.723166,-2.543060,0,accepted,-0.675648,1.260352,-0.858330,1.137057,-0.262359,-1.867411,0.520262,1.0000,11.623227,0
492,-0.561201,3.156214,0,accepted,-0.858330,1.237057,-0.446082,1.110025,-0.222672,4.014544,1.156651,1.0000,10.809627,0
493,-0.861348,-2.963046,0,accepted,-0.446082,1.210025,-0.688752,1.093362,-0.204102,-2.516964,0.710475,1.0000,11.340321,0
494,-1.123700,2.188421,0,accepted,-0.688752,1.193362,-0.403415,1.075013,-0.168290,2.877173,0.829423,1.0000,10.839799,0
495,-0.871318,0.373524,0,accepted,-0.403415,1.175013,-0.325777,1.057597,-0.147207,0.776939,0.226573,1.0000,10.583632,0
496,-0.456150,0.758019,0,accepted,-0.325777,1.157597,-0.208997,1.032864,-0.129378,1.083797,0.330659,1.0000,9.585632,0
497,-0.595042,2.274332,0,accepted,-0.208997,1.132864,0.075823,1.002933,-0.117095,2.483329,0.790156,1.0000,8.744530,0
498,-1.375096,4.542173,0,accepted,0.075823,1.102933,0.589508,0.976082,-0.119759,4.466350,1.442282,1.0000,8.486769,0
499,-1.643943,-5.239731,0,accepted,0.589508,1.076082,0.003763,0.967953,-0.151560,-5.829238,1.781301,1.0000,9.632921,0
