case,status,root,residual,analytic,abs_error,iterations,f_evals,multi_suspected,ok,message
"单根 x^2-2 [0,2] 割线",converged,1.4142135623730947,8.881784197001252e-16,1.4142135623730951,4.440892098500626e-16,7,12,False,PASS,收敛：|f(x)| <= ftol（残差判据）
"单根 x^2-2 [0,2] 解析导数",converged,1.4142135623730951,4.440892098500626e-16,1.4142135623730951,0.0,6,10,False,PASS,收敛：|f(x)| <= ftol（残差判据）
单根 e^x-2 仅初值 x0=0,converged,0.6931471805599453,0.0,0.6931471805599453,0.0,7,25,False,PASS,收敛：|f(x)| <= ftol（残差判据）
"单根 sin(x) [3,4]",converged,3.1415926535897936,3.216245299353273e-16,3.141592653589793,4.440892098500626e-16,5,10,False,PASS,收敛：|f(x)| <= ftol（残差判据）
"三重根 x^3 [-1,1]",converged,0.0,0.0,0.0,0.0,1,5,True,PASS,收敛：|f(x)| <= ftol（残差判据）
"奇重根 (x-1)^3 [0,2]",converged,1.0,0.0,1.0,0.0,1,5,True,PASS,收敛：|f(x)| <= ftol（残差判据）
"偶重根 (x-1.1)^2 [0,2] 无变号",converged,1.0999990761283087,8.535389021181132e-13,1.1,9.238716913717582e-07,19,88,True,PASS,收敛（阻尼牛顿，无变号区间）：|f(x)| <= ftol
"无实根 x^2+1 [-5,5]",no_root_in_interval,,,,,0,66,False,PASS,区间内 f 不变号，扫描最小 |f|=1.000e+00
"导数近零无根 (x-1.1)^2+1e-8 [0,2]",max_iter_exceeded,,,,,11,100,False,PASS,阻尼牛顿无法继续降低残差（|f|=1.013e-08），不把该点当作根
"极窄区间 x^2-1e-16 [0,1e-6]",converged,1.0000000000605659e-08,1.2113168740846586e-26,1e-08,6.0565833578887665e-19,14,19,True,PASS,收敛：|f(x)| <= ftol（残差判据）
牛顿发散回退 atan(x) x0=10,converged,2.4714450643071076e-19,2.4714450643071076e-19,0.0,2.4714450643071076e-19,6,24,False,PASS,收敛：|f(x)| <= ftol（残差判据）
牛顿循环回退 x^3-2x+2 x0=0,converged,-1.7692923542386314,0.0,-1.7692923542386314,0.0,7,27,False,PASS,收敛：|f(x)| <= ftol（残差判据）
