trial,rate,true_count,estimated_count,count_rel_error,true_latency_sum,estimated_latency_sum,latency_rel_error,kept_normal
0,0.1,10000,9660.0,-0.034,1518139.139,1487852.506,-0.01994984004652344,966
1,0.1,10000,9460.0,-0.054,1531998.965,1459895.414,-0.0470650127314105,946
2,0.1,10000,9410.0,-0.059,1506765.299,1421526.032,-0.056571031296469676,941
3,0.1,10000,10470.0,0.047,1536989.449,1615663.021,0.05118679986096497,1047
4,0.1,10000,10160.0,0.016,1515297.735,1496484.68,-0.012415418084082645,1016
5,0.1,10000,10480.0,0.048,1517910.146,1561427.756,0.028669424632643648,1048
6,0.1,10000,10200.0,0.02,1524627.019,1572006.109,0.031075856423314764,1020
7,0.1,10000,10140.0,0.014,1535468.82,1579078.581,0.028401593126203765,1014
8,0.1,10000,10440.0,0.044,1534970.587,1615853.904,0.05269372452873769,1044
9,0.1,10000,10330.0,0.033,1516118.526,1567077.018,0.033611153433124326,1033
10,0.1,10000,10270.0,0.027,1521916.707,1513624.264,-0.005448684216842865,1027
11,0.1,10000,10380.0,0.038,1522617.001,1549114.054,0.017402310236123267,1038
12,0.1,10000,9870.0,-0.013,1527951.53,1567830.494,0.026099626224400967,987
13,0.1,10000,9940.0,-0.006,1517097.701,1470743.27,-0.030554677773151493,994
14,0.1,10000,9720.0,-0.028,1531153.728,1502212.768,-0.018901407359135456,972
15,0.1,10000,9940.0,-0.006,1508963.367,1499519.756,-0.006258343264582433,994
16,0.1,10000,9600.0,-0.04,1530576.886,1459969.668,-0.0461311149255539,960
17,0.1,10000,9740.0,-0.026,1527023.338,1522579.912,-0.0029098614539104476,974
18,0.1,10000,9660.0,-0.034,1532165.161,1495246.298,-0.02409587709327159,966
19,0.1,10000,10010.0,0.001,1517398.269,1490400.069,-0.017792428503438824,1001
20,0.1,10000,10020.0,0.002,1510674.94,1530494.055,0.013119377636619007,1002
21,0.1,10000,9760.0,-0.024,1526033.633,1488489.167,-0.02460264657183381,976
22,0.1,10000,10150.0,0.015,1529147.827,1561724.014,0.021303490574371836,1015
23,0.1,10000,9860.0,-0.014,1520223.437,1484171.806,-0.023714692021302483,986
24,0.1,10000,10110.0,0.011,1517747.149,1496641.212,-0.01390609577090771,1011
25,0.1,10000,9680.0,-0.032,1531193.778,1470851.944,-0.039408358907248794,968
26,0.1,10000,9660.0,-0.034,1531964.622,1461399.021,-0.04606216091611601,966
27,0.1,10000,10080.0,0.008,1528328.987,1532223.213,0.0025480288384917425,1008
28,0.1,10000,10400.0,0.04,1526136.319,1547479.719,0.013985251695906961,1040
29,0.1,10000,9900.0,-0.01,1515459.132,1511091.303,-0.0028821822254220565,990
30,0.1,10000,9090.0,-0.091,1525513.445,1430820.104,-0.062073095039880344,909
31,0.1,10000,9950.0,-0.005,1525791.648,1515627.321,-0.006661674425974662,995
32,0.1,10000,9950.0,-0.005,1529609.782,1541183.297,0.0075663190697836825,995
33,0.1,10000,10650.0,0.065,1499342.332,1582369.142,0.055375485879595295,1065
34,0.1,10000,9870.0,-0.013,1510489.213,1497883.491,-0.008345456669680153,987
35,0.1,10000,9500.0,-0.05,1518531.246,1460803.453,-0.03801554510808242,950
36,0.1,10000,9940.0,-0.006,1537805.568,1501770.538,-0.023432760694455365,994
37,0.1,10000,10060.0,0.006,1526815.396,1572242.275,0.029752699649626332,1006
38,0.1,10000,9890.0,-0.011,1521464.988,1498089.746,-0.015363641142510806,989
39,0.1,10000,10280.0,0.028,1538682.738,1576935.355,0.02486062652169123,1028
40,0.1,10000,9790.0,-0.021,1526027.144,1476932.149,-0.03217177052134664,979
41,0.1,10000,9560.0,-0.044,1520983.764,1470950.086,-0.032895603356429104,956
42,0.1,10000,9940.0,-0.006,1512528.879,1463136.657,-0.032655391187389214,994
43,0.1,10000,10070.0,0.007,1526632.977,1556119.934,0.019315026971080045,1007
44,0.1,10000,10260.0,0.026,1519788.373,1616031.009,0.06332634050997862,1026
45,0.1,10000,10060.0,0.006,1521533.287,1513936.201,-0.004993046051370338,1006
46,0.1,10000,9880.0,-0.012,1522284.047,1526926.431,0.0030496176991242525,988
47,0.1,10000,9540.0,-0.046,1514404.622,1435618.603,-0.052024417819186417,954
48,0.1,10000,10200.0,0.02,1532569.694,1539779.592,0.00470445012280651,1020
49,0.1,10000,10230.0,0.023,1527990.325,1569557.212,0.027203632538904402,1023
50,0.1,10000,9750.0,-0.025,1528440.484,1539992.721,0.007558185135253548,975
51,0.1,10000,10380.0,0.038,1513497.907,1618157.022,0.06915048564710709,1038
52,0.1,10000,10100.0,0.01,1533091.143,1537281.184,0.002733066841739433,1010
53,0.1,10000,10150.0,0.015,1529673.082,1579150.271,0.03234494352209221,1015
54,0.1,10000,10330.0,0.033,1523093.906,1589869.224,0.0438418913932948,1033
55,0.1,10000,9680.0,-0.032,1530985.416,1487236.167,-0.028575875528735455,968
56,0.1,10000,10200.0,0.02,1519714.418,1581903.21,0.04092136759052554,1020
57,0.1,10000,9470.0,-0.053,1532481.377,1421201.495,-0.07261418201289772,947
58,0.1,10000,10200.0,0.02,1527901.805,1594687.701,0.04371085623624673,1020
59,0.1,10000,10580.0,0.058,1530444.07,1614634.173,0.05501024450504703,1058
60,0.1,10000,9620.0,-0.038,1519551.542,1424495.5,-0.06255532574040175,962
61,0.1,10000,9840.0,-0.016,1526351.664,1492715.85,-0.02203673970481804,984
62,0.1,10000,9790.0,-0.021,1536074.092,1483611.715,-0.03415354601796632,979
63,0.1,10000,10090.0,0.009,1531398.753,1552359.551,0.013687354637301197,1009
64,0.1,10000,10260.0,0.026,1530239.81,1594474.248,0.04197671375807134,1026
65,0.1,10000,10570.0,0.057,1514593.06,1686906.367,0.11376871512356375,1057
66,0.1,10000,9870.0,-0.013,1535327.097,1514803.234,-0.013367745899900594,987
67,0.1,10000,10340.0,0.034,1527297.764,1585907.451,0.0383747615051345,1034
68,0.1,10000,10070.0,0.007,1517079.447,1549782.898,0.02155684789778562,1007
69,0.1,10000,10570.0,0.057,1522542.69,1587088.378,0.04239335202822065,1057
70,0.1,10000,10200.0,0.02,1525500.124,1596078.119,0.046265480023055965,1020
71,0.1,10000,10050.0,0.005,1524770.981,1515762.079,-0.005908364615727665,1005
72,0.1,10000,10240.0,0.024,1525401.825,1592942.117,0.044277049421121525,1024
73,0.1,10000,10140.0,0.014,1518579.833,1516778.182,-0.0011864051948956634,1014
74,0.1,10000,10010.0,0.001,1534397.131,1546401.688,0.007823631000424677,1001
75,0.1,10000,9460.0,-0.054,1523408.204,1406275.618,-0.07688850942725937,946
76,0.1,10000,9840.0,-0.016,1517850.287,1485171.558,-0.021529612467116918,984
77,0.1,10000,10220.0,0.022,1524910.439,1553568.837,0.018793496074210096,1022
78,0.1,10000,9740.0,-0.026,1527331.131,1482295.311,-0.029486611467920497,974
79,0.1,10000,9660.0,-0.034,1544619.213,1490489.431,-0.03504409458764348,966
80,0.1,10000,10270.0,0.027,1537679.109,1576308.448,0.025121846387335913,1027
81,0.1,10000,10760.0,0.076,1523240.691,1590017.914,0.04383891723205712,1076
82,0.1,10000,10110.0,0.011,1524106.306,1594659.329,0.04629140562050637,1011
83,0.1,10000,10020.0,0.002,1531767.198,1485981.457,-0.029890795920196018,1002
84,0.1,10000,9870.0,-0.013,1525521.916,1477572.262,-0.03143163880723435,987
85,0.1,10000,10130.0,0.013,1525638.863,1522832.752,-0.0018393018724239014,1013
86,0.1,10000,10250.0,0.025,1517947.323,1581850.406,0.04209835308503119,1025
87,0.1,10000,10410.0,0.041,1519312.46,1612228.093,0.061156368495882026,1041
88,0.1,10000,9660.0,-0.034,1515666.362,1458175.144,-0.03793131515342386,966
89,0.1,10000,9640.0,-0.036,1531457.245,1526883.054,-0.002986822709075661,964
90,0.1,10000,9620.0,-0.038,1520597.631,1426491.44,-0.06188763485383839,962
91,0.1,10000,10050.0,0.005,1526466.479,1541582.131,0.009902381000029435,1005
92,0.1,10000,10230.0,0.023,1521237.173,1528095.045,0.0045080884073844954,1023
93,0.1,10000,10650.0,0.065,1521817.47,1597497.518,0.049730043173235636,1065
94,0.1,10000,9880.0,-0.012,1528853.651,1522171.889,-0.004370439299638958,988
95,0.1,10000,10410.0,0.041,1526229.762,1586242.59,0.03932096512644889,1041
96,0.1,10000,10390.0,0.039,1515568.935,1545084.841,0.01947513228451616,1039
97,0.1,10000,9920.0,-0.008,1517018.896,1463233.523,-0.03545464918036411,992
98,0.1,10000,10690.0,0.069,1509199.535,1634831.434,0.08324406129465795,1069
99,0.1,10000,10030.0,0.003,1533004.297,1529277.178,-0.002431251488062632,1003
100,0.1,10000,9740.0,-0.026,1514737.3,1480602.848,-0.02253489923761335,974
101,0.1,10000,9860.0,-0.014,1507789.64,1479713.685,-0.01862060507100843,986
102,0.1,10000,9510.0,-0.049,1522278.862,1508132.137,-0.00929312288618675,951
103,0.1,10000,9710.0,-0.029,1533827.138,1469844.745,-0.04171421374964199,971
104,0.1,10000,10270.0,0.027,1517730.488,1545094.742,0.018029718686809172,1027
105,0.1,10000,10210.0,0.021,1522722.653,1552922.685,0.01983291655346114,1021
106,0.1,10000,10140.0,0.014,1517661.902,1519178.043,0.000998997749864772,1014
107,0.1,10000,9690.0,-0.031,1527343.298,1478090.618,-0.03224728855174239,969
108,0.1,10000,9970.0,-0.003,1523930.598,1521710.41,-0.0014568830360392698,997
109,0.1,10000,10110.0,0.011,1526774.384,1547562.075,0.013615431121856135,1011
110,0.1,10000,9660.0,-0.034,1535013.894,1491356.502,-0.028441040511067234,966
111,0.1,10000,10140.0,0.014,1534040.474,1542979.117,0.005826862391848952,1014
112,0.1,10000,10150.0,0.015,1525352.071,1591048.341,0.04306957800775992,1015
113,0.1,10000,10390.0,0.039,1528351.826,1580336.896,0.034013811142769856,1039
114,0.1,10000,10050.0,0.005,1544395.147,1540301.515,-0.0026506380566755625,1005
115,0.1,10000,10080.0,0.008,1520632.329,1538364.721,0.011661196534367273,1008
116,0.1,10000,9500.0,-0.05,1524846.34,1376651.448,-0.09718677120994951,950
117,0.1,10000,10200.0,0.02,1526735.207,1514061.757,-0.008301013574319163,1020
118,0.1,10000,9350.0,-0.065,1517269.6,1417228.994,-0.06593462757216881,935
119,0.1,10000,10170.0,0.017,1528614.588,1568991.807,0.026414257045166343,1017
120,0.1,10000,9640.0,-0.036,1512030.8,1462757.656,-0.03258739397675731,964
121,0.1,10000,10450.0,0.045,1531309.636,1593476.484,0.04059717649773559,1045
122,0.1,10000,10140.0,0.014,1527881.638,1522369.597,-0.0036076357433756645,1014
123,0.1,10000,10050.0,0.005,1532999.958,1558171.622,0.016419872305455198,1005
124,0.1,10000,10070.0,0.007,1542356.756,1559915.914,0.011384628378543395,1007
125,0.1,10000,10300.0,0.03,1526901.513,1569332.91,0.02778921701304865,1030
126,0.1,10000,10190.0,0.019,1538903.033,1527846.181,-0.007184891994405683,1019
127,0.1,10000,10320.0,0.032,1525708.776,1538891.22,0.008640209812733939,1032
128,0.1,10000,10100.0,0.01,1526160.941,1502259.538,-0.01566112897976957,1010
129,0.1,10000,9940.0,-0.006,1523754.806,1489354.279,-0.02257615641569259,994
130,0.1,10000,9810.0,-0.019,1550624.674,1536096.333,-0.009369347512242419,981
131,0.1,10000,9630.0,-0.037,1542419.402,1530111.215,-0.007979792336764097,963
132,0.1,10000,9770.0,-0.023,1530256.322,1531805.356,0.0010122709303703745,977
133,0.1,10000,10020.0,0.002,1531447.619,1507380.556,-0.01571523764217279,1002
134,0.1,10000,10020.0,0.002,1536469.357,1572183.521,0.02324430612093083,1002
135,0.1,10000,10310.0,0.031,1531097.787,1570819.745,0.025943449086385215,1031
136,0.1,10000,9800.0,-0.02,1519454.814,1483080.288,-0.023939195852473005,980
137,0.1,10000,10030.0,0.003,1526984.857,1526294.742,-0.0004519462814839615,1003
138,0.1,10000,9980.0,-0.002,1523937.785,1553773.042,0.019577739593262235,998
139,0.1,10000,10360.0,0.036,1521857.454,1568605.871,0.030718000133770042,1036
140,0.1,10000,10250.0,0.025,1524391.272,1545241.033,0.013677434239306428,1025
141,0.1,10000,10080.0,0.008,1516932.223,1507654.149,-0.0061163401998629435,1008
142,0.1,10000,10040.0,0.004,1530496.124,1518647.653,-0.007741588306662725,1004
143,0.1,10000,10500.0,0.05,1532764.429,1636295.958,0.06754562309849657,1050
144,0.1,10000,10340.0,0.034,1527903.41,1570365.096,0.027790818068061038,1034
145,0.1,10000,9860.0,-0.014,1515023.643,1482912.756,-0.0211949739514914,986
146,0.1,10000,10350.0,0.035,1514555.485,1589689.684,0.04960808601562764,1035
147,0.1,10000,9330.0,-0.067,1528872.593,1411026.731,-0.07708023672359796,933
148,0.1,10000,9940.0,-0.006,1515787.641,1494029.029,-0.014354656864903418,994
149,0.1,10000,9760.0,-0.024,1512566.385,1485455.367,-0.017923853367099018,976
150,0.1,10000,9700.0,-0.03,1528764.477,1473414.428,-0.036205740149945834,970
151,0.1,10000,10200.0,0.02,1530338.359,1602985.194,0.04747109329910916,1020
152,0.1,10000,10260.0,0.026,1520065.102,1617578.001,0.06415047562978075,1026
153,0.1,10000,9990.0,-0.001,1528246.167,1527727.251,-0.0003395505309752632,999
154,0.1,10000,10000.0,0.0,1538999.743,1559325.117,0.013206873200606305,1000
155,0.1,10000,9790.0,-0.021,1514431.339,1452678.804,-0.04077605424460409,979
156,0.1,10000,10100.0,0.01,1526093.712,1570986.69,0.02941692039624675,1010
157,0.1,10000,9730.0,-0.027,1541976.963,1502830.25,-0.02538735222949266,973
158,0.1,10000,10130.0,0.013,1534683.87,1479957.645,-0.03565960756973653,1013
159,0.1,10000,9920.0,-0.008,1514268.446,1455560.223,-0.03877002283104957,992
160,0.1,10000,9760.0,-0.024,1541436.448,1504854.166,-0.02373259184125213,976
161,0.1,10000,10590.0,0.059,1522006.527,1615375.221,0.061345790729962386,1059
162,0.1,10000,9680.0,-0.032,1507297.599,1455241.624,-0.034535963104687144,968
163,0.1,10000,9960.0,-0.004,1506069.922,1465782.855,-0.026749798615443302,996
164,0.1,10000,9960.0,-0.004,1519053.045,1538861.046,0.013039703230993105,996
165,0.1,10000,10310.0,0.031,1528330.335,1577226.16,0.031992969385319855,1031
166,0.1,10000,10220.0,0.022,1528616.414,1562455.995,0.02213739216576867,1022
167,0.1,10000,10200.0,0.02,1534610.463,1599915.338,0.0425546914888313,1020
168,0.1,10000,9940.0,-0.006,1525166.36,1534070.71,0.005838280852617261,994
169,0.1,10000,10320.0,0.032,1524353.513,1599435.051,0.049254675966300204,1032
170,0.1,10000,9700.0,-0.03,1536304.115,1494207.293,-0.02740135993891945,970
171,0.1,10000,10070.0,0.007,1554139.286,1545952.942,-0.005267445307027196,1007
172,0.1,10000,10460.0,0.046,1525969.981,1575448.818,0.03242451559493074,1046
173,0.1,10000,9870.0,-0.013,1528609.185,1515184.28,-0.008782431245530012,987
174,0.1,10000,9560.0,-0.044,1526909.006,1497955.206,-0.0189623607146281,956
175,0.1,10000,9910.0,-0.009,1532774.487,1528219.385,-0.002971801566375075,991
176,0.1,10000,9640.0,-0.036,1519520.575,1503215.787,-0.010730218773395833,964
177,0.1,10000,9280.0,-0.072,1524211.141,1451997.362,-0.047377805191610646,928
178,0.1,10000,10240.0,0.024,1534758.039,1576540.514,0.02722414488295943,1024
179,0.1,10000,9580.0,-0.042,1527616.907,1472362.086,-0.0361706006126515,958
180,0.1,10000,10060.0,0.006,1517086.518,1509055.026,-0.0052940236629285126,1006
181,0.1,10000,9940.0,-0.006,1525466.801,1536325.144,0.007118046362794035,994
182,0.1,10000,9820.0,-0.018,1532503.615,1514822.365,-0.01153749324005292,982
183,0.1,10000,10080.0,0.008,1520179.141,1499150.898,-0.013832740219066482,1008
184,0.1,10000,9620.0,-0.038,1534657.321,1517064.398,-0.011463746856284122,962
185,0.1,10000,9900.0,-0.01,1511995.661,1442017.715,-0.04628184341698903,990
186,0.1,10000,9780.0,-0.022,1526674.781,1516671.471,-0.006552352144410945,978
187,0.1,10000,9880.0,-0.012,1539132.756,1510909.156,-0.0183373394815272,988
188,0.1,10000,9600.0,-0.04,1542602.977,1478689.597,-0.04143216403211453,960
189,0.1,10000,10190.0,0.019,1515890.261,1541392.867,0.01682351739249462,1019
190,0.1,10000,9530.0,-0.047,1532540.299,1426164.301,-0.06941154974909229,953
191,0.1,10000,9870.0,-0.013,1525489.067,1501019.89,-0.01604021748283746,987
192,0.1,10000,9960.0,-0.004,1518412.841,1526557.634,0.0053640171602455,996
193,0.1,10000,9260.0,-0.074,1523361.933,1428902.617,-0.06200713998380138,926
194,0.1,10000,9770.0,-0.023,1518283.573,1521618.915,0.002196784600978665,977
195,0.1,10000,9970.0,-0.003,1516872.502,1524607.19,0.005099102646653975,997
196,0.1,10000,10230.0,0.023,1511854.756,1588615.517,0.05077257633571383,1023
197,0.1,10000,10310.0,0.031,1516063.212,1568669.087,0.034698998462823455,1031
198,0.1,10000,10420.0,0.042,1528454.03,1593160.409,0.0423345278028,1042
199,0.1,10000,10650.0,0.065,1523852.35,1590301.125,0.043605782673505976,1065
200,0.1,10000,10060.0,0.006,1519010.008,1501508.03,-0.011521963655792097,1006
201,0.1,10000,10100.0,0.01,1515774.167,1586242.704,0.04649012987867133,1010
202,0.1,10000,10360.0,0.036,1520722.105,1538292.205,0.011553787883839418,1036
203,0.1,10000,10210.0,0.021,1523444.442,1546776.006,0.015315007886069872,1021
204,0.1,10000,10450.0,0.045,1531693.64,1605465.011,0.04816326788073515,1045
205,0.1,10000,10550.0,0.055,1532540.212,1618502.93,0.05609165512751237,1055
206,0.1,10000,9620.0,-0.038,1519886.601,1479594.757,-0.026509769479935427,962
207,0.1,10000,10420.0,0.042,1527048.167,1562285.293,0.02307532000945772,1042
208,0.1,10000,10590.0,0.059,1523052.785,1627014.393,0.06825870383534095,1059
209,0.1,10000,9970.0,-0.003,1522000.909,1497404.542,-0.01616054726455205,997
210,0.1,10000,10080.0,0.008,1536891.084,1556473.169,0.012741361921646873,1008
211,0.1,10000,9890.0,-0.011,1543371.313,1504984.33,-0.02487216296956629,989
212,0.1,10000,9400.0,-0.06,1513075.098,1433164.034,-0.05281368025893895,940
213,0.1,10000,9840.0,-0.016,1525675.703,1489268.567,-0.023862958160283856,984
214,0.1,10000,10160.0,0.016,1526532.91,1546599.225,0.01314502586235835,1016
215,0.1,10000,10550.0,0.055,1537947.589,1711598.159,0.11291059020440576,1055
216,0.1,10000,9870.0,-0.013,1535165.008,1533834.816,-0.0008664811716062529,987
217,0.1,10000,9960.0,-0.004,1518100.562,1499554.257,-0.01221678260959031,996
218,0.1,10000,10400.0,0.04,1532627.077,1564247.091,0.02063125065945054,1040
219,0.1,10000,9590.0,-0.041,1515745.73,1455716.445,-0.039603796233627545,959
220,0.1,10000,10190.0,0.019,1532286.586,1590630.49,0.03807636544467303,1019
221,0.1,10000,9280.0,-0.072,1515376.923,1424380.77,-0.06004852773812049,928
222,0.1,10000,10090.0,0.009,1529430.994,1556420.48,0.017646749198232052,1009
223,0.1,10000,9800.0,-0.02,1519242.691,1498677.348,-0.013536574949775212,980
224,0.1,10000,10080.0,0.008,1549686.732,1554110.899,0.002854877968493999,1008
225,0.1,10000,9900.0,-0.01,1533140.79,1511974.988,-0.013805517521236757,990
226,0.1,10000,9930.0,-0.007,1534497.046,1503509.029,-0.020194250167545433,993
227,0.1,10000,10000.0,0.0,1537676.458,1526130.313,-0.007508825739850967,1000
228,0.1,10000,9990.0,-0.001,1522789.007,1546364.61,0.015481857853374272,999
229,0.1,10000,10010.0,0.001,1525698.922,1540686.773,0.009823596368051302,1001
230,0.1,10000,9700.0,-0.03,1533339.163,1487793.125,-0.029703825077207174,970
231,0.1,10000,10320.0,0.032,1527732.416,1601505.541,0.04828929763107504,1032
232,0.1,10000,9850.0,-0.015,1537068.152,1515225.764,-0.01421042212044023,985
233,0.1,10000,10070.0,0.007,1533482.853,1551180.138,0.011540581915611694,1007
234,0.1,10000,10200.0,0.02,1527414.363,1519551.584,-0.005147770683518609,1020
235,0.1,10000,9580.0,-0.042,1535768.085,1459894.135,-0.049404562415402385,958
236,0.1,10000,9830.0,-0.017,1537052.021,1499393.495,-0.02450048874839966,983
237,0.1,10000,9640.0,-0.036,1524114.671,1449328.055,-0.04906889015796902,964
238,0.1,10000,10280.0,0.028,1517451.349,1546812.507,0.019348994246161225,1028
239,0.1,10000,9730.0,-0.027,1507547.969,1471078.49,-0.02419125568799796,973
240,0.1,10000,10030.0,0.003,1521428.948,1542255.089,0.01368853964926275,1003
241,0.1,10000,9900.0,-0.01,1525398.096,1508026.088,-0.011388508046982866,990
242,0.1,10000,10220.0,0.022,1527316.826,1555175.173,0.018240057902985368,1022
243,0.1,10000,9760.0,-0.024,1532621.481,1514754.841,-0.011657568338389995,976
244,0.1,10000,10240.0,0.024,1510465.761,1504111.437,-0.004206864071932151,1024
245,0.1,10000,9990.0,-0.001,1526707.024,1538844.261,0.007949945436758594,999
246,0.1,10000,9890.0,-0.011,1511702.009,1506474.695,-0.0034578995990455063,989
247,0.1,10000,9550.0,-0.045,1511205.051,1485851.34,-0.01677714778629707,955
248,0.1,10000,10260.0,0.026,1516376.243,1587931.477,0.04718831107161625,1026
249,0.1,10000,10130.0,0.013,1509970.516,1559359.773,0.03270875526481246,1013
250,0.1,10000,10060.0,0.006,1516690.739,1507832.667,-0.005840394456442364,1006
251,0.1,10000,10250.0,0.025,1504888.743,1503019.385,-0.0012421905625913615,1025
252,0.1,10000,9940.0,-0.006,1513451.134,1539425.983,0.01716266136325867,994
253,0.1,10000,9970.0,-0.003,1522080.381,1496857.219,-0.016571504802039814,997
254,0.1,10000,10200.0,0.02,1533603.425,1549921.192,0.010640147875766566,1020
255,0.1,10000,10240.0,0.024,1511835.845,1579936.197,0.04504480589685729,1024
256,0.1,10000,10110.0,0.011,1521779.984,1487310.208,-0.022650958851334016,1011
257,0.1,10000,9860.0,-0.014,1531956.821,1501921.413,-0.01960591029073783,986
258,0.1,10000,10280.0,0.028,1519767.549,1563441.698,0.0287373876011653,1028
259,0.1,10000,10280.0,0.028,1522928.709,1573496.397,0.03320423853487559,1028
260,0.1,10000,10040.0,0.004,1524703.182,1488239.579,-0.023915213575499857,1004
261,0.1,10000,9950.0,-0.005,1513372.796,1471495.523,-0.027671484879946404,995
262,0.1,10000,10060.0,0.006,1529884.895,1553259.233,0.015278494680927445,1006
263,0.1,10000,9720.0,-0.028,1527180.094,1506378.747,-0.013620755746900439,972
264,0.1,10000,9860.0,-0.014,1510400.15,1523699.821,0.008805395225300225,986
265,0.1,10000,10040.0,0.004,1518710.957,1540849.07,0.014576909602353865,1004
266,0.1,10000,10520.0,0.052,1519090.159,1616920.435,0.06440057291296723,1052
267,0.1,10000,10060.0,0.006,1524277.65,1507588.252,-0.010949053765951594,1006
268,0.1,10000,10110.0,0.011,1515565.171,1561709.299,0.030446812224642936,1011
269,0.1,10000,9880.0,-0.012,1522872.898,1502516.652,-0.013367002461587896,988
270,0.1,10000,9450.0,-0.055,1515344.579,1458269.27,-0.03766490407284395,945
271,0.1,10000,10640.0,0.064,1528118.706,1644531.87,0.07618070779418393,1064
272,0.1,10000,10160.0,0.016,1525959.625,1579904.596,0.03535150665877135,1016
273,0.1,10000,9950.0,-0.005,1510804.114,1485679.125,-0.01663020985653952,995
274,0.1,10000,9920.0,-0.008,1520539.021,1511173.615,-0.0061592669391799925,992
275,0.1,10000,9830.0,-0.017,1524313.6,1454679.841,-0.04568204274949565,983
276,0.1,10000,10120.0,0.012,1517257.348,1505916.258,-0.007474730587560086,1012
277,0.1,10000,10140.0,0.014,1535000.258,1534911.539,-5.7797665890506535e-05,1014
278,0.1,10000,10370.0,0.037,1523304.951,1551312.619,0.01838612003402041,1037
279,0.1,10000,10130.0,0.013,1536195.52,1542662.519,0.004209749638607534,1013
280,0.1,10000,9770.0,-0.023,1521711.189,1530340.692,0.0056709200492489195,977
281,0.1,10000,10030.0,0.003,1520867.239,1491883.445,-0.019057412302779794,1003
282,0.1,10000,10380.0,0.038,1512342.126,1581112.898,0.0454730253966588,1038
283,0.1,10000,9800.0,-0.02,1523832.047,1530828.081,0.004591079091023875,980
284,0.1,10000,9800.0,-0.02,1538860.592,1513572.641,-0.01643290572135741,980
285,0.1,10000,9540.0,-0.046,1517712.909,1435074.322,-0.05444941938477253,954
286,0.1,10000,10040.0,0.004,1512619.994,1537121.706,0.01619819390700076,1004
287,0.1,10000,9950.0,-0.005,1510954.066,1493442.767,-0.011589563880487121,995
288,0.1,10000,10110.0,0.011,1533431.008,1571144.756,0.02459435601284725,1011
289,0.1,10000,10410.0,0.041,1519999.058,1554754.201,0.022865239967157273,1041
290,0.1,10000,10160.0,0.016,1530565.656,1575066.26,0.029074612583998325,1016
291,0.1,10000,9890.0,-0.011,1524801.721,1483541.817,-0.027059193182692783,989
292,0.1,10000,10030.0,0.003,1529560.239,1566663.883,0.024257720127181186,1003
293,0.1,10000,9930.0,-0.007,1506288.11,1490642.092,-0.010387134812696791,993
294,0.1,10000,10140.0,0.014,1521487.8,1566976.625,0.02989759404870144,1014
295,0.1,10000,10180.0,0.018,1509703.363,1565879.493,0.03721004474443049,1018
296,0.1,10000,10260.0,0.026,1533108.816,1530470.025,-0.0017212028624816167,1026
297,0.1,10000,10120.0,0.012,1522361.591,1574007.255,0.033924702639385546,1012
298,0.1,10000,9870.0,-0.013,1532778.88,1531871.585,-0.0005919285143573468,987
299,0.1,10000,9920.0,-0.008,1534541.168,1533481.134,-0.0006907824915159684,992
