k,truth,obs,estimate,variance,residual,nis,weight,missing,outlier,ref_estimate,ref_variance,ref_residual
0,0.009470803828730424,-1.457126,-0.732188,5.024876e-01,-1.457126,1.056327,1.000000,0,0,-0.732188,5.024876e-01,-1.457126
1,0.13447324193708546,0.876854,-0.186984,3.388375e-01,1.609041,1.711759,1.000000,0,0,-0.186984,3.388375e-01,1.609041
2,0.041335405165014744,-0.618581,-0.298604,2.586209e-01,-0.431597,0.138101,1.000000,0,0,-0.298604,2.586209e-01,-0.431597
3,0.14057313321693876,-0.931327,-0.432579,2.117424e-01,-0.632723,0.315570,1.000000,0,0,-0.432579,2.117424e-01,-0.632723
4,0.11465767944759536,0.380132,-0.285074,1.814969e-01,0.812711,0.540620,1.000000,0,0,-0.285074,1.814969e-01,0.812711
5,0.08850658104947796,-0.515931,-0.322177,1.607196e-01,-0.230857,0.044730,1.000000,0,0,-0.322177,1.607196e-01,-0.230857
6,0.2784791088959537,0.408804,-0.215582,1.458245e-01,0.730981,0.456415,1.000000,0,0,-0.215582,1.458245e-01,0.730981
7,0.2942328160593256,-0.327232,-0.230635,1.348167e-01,-0.111650,0.010785,1.000000,0,0,-0.230635,1.348167e-01,-0.111650
8,0.2899403906801012,-0.973348,-0.324586,1.264977e-01,-0.742713,0.481844,1.000000,0,0,-0.324586,1.264977e-01,-0.742713
9,0.3628902393236621,0.526461,-0.222372,1.201038e-01,0.851047,0.637292,1.000000,0,0,-0.222372,1.201038e-01,0.851047
10,0.4755756355620476,0.006128,-0.196066,1.151256e-01,0.228500,0.046201,1.000000,0,0,-0.196066,1.151256e-01,0.228500
11,0.4724913080585546,0.340599,-0.136383,1.112103e-01,0.536665,0.255980,1.000000,0,0,-0.136383,1.112103e-01,0.536665
12,0.5312906825765911,-0.253470,-0.149041,1.081067e-01,-0.117087,0.012227,1.000000,0,0,-0.149041,1.081067e-01,-0.117087
13,0.4339182468300213,0.639769,-0.065718,1.056309e-01,0.788810,0.556495,1.000000,0,0,-0.065718,1.056309e-01,0.788810
14,0.39723919983196837,0.222585,-0.035837,1.036462e-01,0.288304,0.074504,1.000000,0,0,-0.035837,1.036462e-01,0.288304
15,0.35342669639169016,1.384835,0.109141,1.020488e-01,1.420672,1.812343,1.000000,0,0,0.109141,1.020488e-01,1.420672
16,0.22019837993257532,-0.362283,0.061641,1.007589e-01,-0.471424,0.199848,1.000000,0,0,0.061641,1.007589e-01,-0.471424
17,0.06934696721646808,0.420542,0.097428,9.971459e-02,0.358901,0.115966,1.000000,0,0,0.097428,9.971459e-02,0.358901
18,-0.09334430577923478,-1.003938,-0.011461,9.886740e-02,-1.101366,1.093081,1.000000,0,0,-0.011461,9.886740e-02,-1.101366
19,-0.11720959132361514,-2.244312,-0.230680,9.817891e-02,-2.232851,4.496140,1.000000,0,0,-0.230680,9.817891e-02,-2.232851
20,-0.13445213610882625,0.462748,-0.162988,9.761864e-02,0.693428,0.433903,1.000000,0,0,-0.162988,9.761864e-02,0.693428
21,-0.1664859068467475,-0.368992,-0.183004,9.716218e-02,-0.206004,0.038314,1.000000,0,0,-0.183004,9.716218e-02,-0.206004
22,-0.15957314237524178,-0.043187,-0.169471,9.678995e-02,0.139817,0.017657,1.000000,0,0,-0.169471,9.678995e-02,0.139817
23,-0.2931316925323113,0.722340,-0.083424,9.648620e-02,0.891811,0.718589,1.000000,0,0,-0.083424,9.648620e-02,0.891811
24,-0.3010781956618467,-1.574257,-0.226899,9.623816e-02,-1.490834,2.008688,1.000000,0,0,-0.226899,9.623816e-02,-1.490834
25,-0.27726834518550586,-1.137780,-0.314376,9.603552e-02,-0.910881,0.750024,1.000000,0,0,-0.314376,9.603552e-02,-0.910881
26,-0.20216410449615368,-1.188761,-0.398203,9.586991e-02,-0.874385,0.691252,1.000000,0,0,-0.398203,9.586991e-02,-0.874385
27,-0.28678636902280846,-0.907420,-0.446952,9.573450e-02,-0.509217,0.234478,1.000000,0,0,-0.446952,9.573450e-02,-0.509217
28,-0.3267734497203644,2.222581,-0.191682,9.562377e-02,2.669534,6.444956,1.000000,0,0,-0.191682,9.562377e-02,2.669534
29,-0.5282912153122685,-0.549535,-0.225868,9.553320e-02,-0.357853,0.115825,1.000000,0,0,-0.225868,9.553320e-02,-0.357853
30,-0.5786561717004687,-0.326238,-0.235450,9.545909e-02,-0.100369,0.009112,1.000000,0,0,-0.235450,9.545909e-02,-0.100369
31,-0.7983252738641671,-1.517190,-0.357726,9.539846e-02,-1.281740,1.486131,1.000000,0,0,-0.357726,9.539846e-02,-1.281740
32,-0.9402638759533803,-0.910967,-0.410477,9.534884e-02,-0.553241,0.276892,1.000000,0,0,-0.410477,9.534884e-02,-0.553241
33,-0.8301127267178193,-1.099521,-0.476148,9.530823e-02,-0.689044,0.429532,1.000000,0,0,-0.476148,9.530823e-02,-0.689044
34,-1.0502756226620926,0.421292,-0.390645,9.527499e-02,0.897441,0.728665,1.000000,0,0,-0.390645,9.527499e-02,0.897441
35,-0.9704194463343812,-1.471173,-0.493562,9.524778e-02,-1.080529,1.056336,1.000000,0,0,-0.493562,9.524778e-02,-1.080529
36,-0.9376297811416718,-0.001218,-0.446679,9.522551e-02,0.492344,0.219320,1.000000,0,0,-0.446679,9.522551e-02,0.492344
37,-0.968863691094508,-1.443725,-0.541605,9.520727e-02,-0.997047,0.899456,1.000000,0,0,-0.541605,9.520727e-02,-0.997047
38,-0.9229293473174528,-1.107022,-0.595428,9.519235e-02,-0.565417,0.289264,1.000000,0,0,-0.595428,9.519235e-02,-0.565417
39,-0.8701832179133339,-1.606955,-0.691706,9.518012e-02,-1.011527,0.925800,1.000000,0,0,-0.691706,9.518012e-02,-1.011527
40,-0.7656410866835941,-0.206348,-0.645514,9.517012e-02,0.485357,0.213152,1.000000,0,0,-0.645514,9.517012e-02,0.485357
41,-0.7886781030439299,-1.072171,-0.686116,9.516193e-02,-0.426657,0.164713,1.000000,0,0,-0.686116,9.516193e-02,-0.426657
42,-0.8479000871370571,-0.038464,-0.624488,9.515522e-02,0.647651,0.379539,1.000000,0,0,-0.624488,9.515522e-02,0.647651
43,-0.9083616199193475,-0.862907,-0.647174,9.514973e-02,-0.238419,0.051435,1.000000,0,0,-0.647174,9.514973e-02,-0.238419
44,-1.0070057801349024,-1.642057,-0.741832,9.514523e-02,-0.994884,0.895620,1.000000,0,0,-0.741832,9.514523e-02,-0.994884
45,-1.0114980798839515,-2.078280,-0.868984,9.514155e-02,-1.336448,1.616162,1.000000,0,0,-0.868984,9.514155e-02,-1.336448
46,-1.0900739344996906,-0.556396,-0.839245,9.513854e-02,0.312588,0.088415,1.000000,0,0,-0.839245,9.513854e-02,0.312588
47,-0.9832144847230091,-2.403493,-0.988061,9.513607e-02,-1.564249,2.214088,1.000000,0,0,-0.988061,9.513607e-02,-1.564249
48,-1.170156847106183,-0.715284,-0.962111,9.513405e-02,0.272777,0.067328,1.000000,0,0,-0.962111,9.513405e-02,0.272777
49,-1.2795313172852103,-3.625247,-1.215461,9.513240e-02,-2.663136,6.417585,1.000000,0,0,-1.215461,9.513240e-02,-2.663136
50,-1.3748487507529945,-0.942216,-1.189467,9.513104e-02,0.273245,0.067560,1.000000,0,0,-1.189467,9.513104e-02,0.273245
51,-1.584135102858495,-1.392794,-1.208810,9.512993e-02,-0.203327,0.037409,1.000000,0,0,-1.208810,9.512993e-02,-0.203327
52,-1.3939072411199658,-1.522158,-1.238618,9.512903e-02,-0.313348,0.088847,1.000000,0,0,-1.238618,9.512903e-02,-0.313348
53,-1.634741159986564,-1.114630,-1.226823,9.512828e-02,0.123988,0.013911,1.000000,0,0,-1.226823,9.512828e-02,0.123988
54,-1.6630700451406697,-3.174386,-1.412090,9.512767e-02,-1.947562,3.432180,1.000000,0,0,-1.412090,9.512767e-02,-1.947562
55,-1.7155912697147886,-2.225675,-1.489484,9.512717e-02,-0.813585,0.598954,1.000000,0,0,-1.489484,9.512717e-02,-0.813585
56,-1.549999279043824,-1.062092,-1.448828,9.512677e-02,0.427392,0.165288,1.000000,0,0,-1.448828,9.512677e-02,0.427392
57,-1.7485409239676577,-0.683832,-1.376057,9.512643e-02,0.764996,0.529549,1.000000,0,0,-1.376057,9.512643e-02,0.764996
58,-1.6413575891296588,-1.637651,-1.400941,9.512616e-02,-0.261594,0.061922,1.000000,0,0,-1.400941,9.512616e-02,-0.261594
59,-1.7144989980107668,-1.529128,-1.413135,9.512593e-02,-0.128186,0.014869,1.000000,0,0,-1.413135,9.512593e-02,-0.128186
60,-1.7300214660805555,-1.803435,-1.450263,9.512575e-02,-0.390300,0.137843,1.000000,0,0,-1.450263,9.512575e-02,-0.390300
61,-1.7971184149881752,-1.015238,-1.408881,9.512560e-02,0.435025,0.171244,1.000000,0,0,-1.408881,9.512560e-02,0.435025
62,-1.7330708932700074,-2.735698,-1.535095,9.512548e-02,-1.326817,1.592981,1.000000,0,0,-1.535095,9.512548e-02,-1.326817
63,-1.8468350808221519,-4.283328,-1.796521,9.512538e-02,-2.748233,6.834325,1.000000,0,0,-1.796521,9.512538e-02,-2.748233
64,-1.854724930742389,-0.796528,-1.701397,9.512529e-02,0.999993,0.904862,1.000000,0,0,-1.701397,9.512529e-02,0.999993
65,-1.8193834040497354,-1.341718,-1.667182,9.512523e-02,0.359679,0.117062,1.000000,0,0,-1.667182,9.512523e-02,0.359679
66,-1.6353575876419681,-3.006201,-1.794557,9.512517e-02,-1.339019,1.622414,1.000000,0,0,-1.794557,9.512517e-02,-1.339019
67,-1.8758854394845046,-1.562961,-1.772526,9.512513e-02,0.231595,0.048534,1.000000,0,0,-1.772526,9.512513e-02,0.231595
68,-1.7233730796740037,-0.232929,-1.626072,9.512509e-02,1.539598,2.144880,1.000000,0,0,-1.626072,9.512509e-02,1.539598
69,-1.6285661218200056,0.381286,-1.435122,9.512506e-02,2.007357,3.646179,1.000000,0,0,-1.435122,9.512506e-02,2.007357
70,-1.6769249367840702,-1.885941,-1.478006,9.512503e-02,-0.450819,0.183905,1.000000,0,0,-1.478006,9.512503e-02,-0.450819
71,-1.6464319781102525,-0.348611,-1.370572,9.512501e-02,1.129395,1.154198,1.000000,0,0,-1.370572,9.512501e-02,1.129395
72,-1.6930323331591586,-2.770540,-1.503744,9.512500e-02,-1.399967,1.773472,1.000000,0,0,-1.503744,9.512500e-02,-1.399967
73,-1.5283594818062731,-0.827756,-1.439441,9.512498e-02,0.675988,0.413491,1.000000,0,0,-1.439441,9.512498e-02,0.675988
74,-1.5074004413427322,-0.493617,-1.349469,9.512497e-02,0.945824,0.809486,1.000000,0,0,-1.349469,9.512497e-02,0.945824
75,-1.528956009324626,-2.475255,-1.456560,9.512496e-02,-1.125785,1.146832,1.000000,0,0,-1.456560,9.512496e-02,-1.125785
76,-1.5517622024996984,-2.887455,-1.592673,9.512496e-02,-1.430895,1.852696,1.000000,0,0,-1.592673,9.512496e-02,-1.430895
77,-1.5717498215908123,0.503349,-1.393289,9.512495e-02,2.096022,3.975396,1.000000,0,0,-1.393289,9.512495e-02,2.096022
78,-1.5894116588651999,-0.452710,-1.303817,9.512494e-02,0.940580,0.800534,1.000000,0,0,-1.303817,9.512494e-02,0.940580
79,-1.677309970035515,0.582087,-1.124420,9.512494e-02,1.885904,3.218310,1.000000,0,0,-1.124420,9.512494e-02,1.885904
80,-1.4714760514797836,-1.817461,-1.190346,9.512494e-02,-0.693041,0.434616,1.000000,0,0,-1.190346,9.512494e-02,-0.693041
81,-1.662575342343604,-2.326990,-1.298469,9.512493e-02,-1.136644,1.169062,1.000000,0,0,-1.298469,9.512493e-02,-1.136644
82,-2.023150594486671,-0.026091,-1.177434,9.512493e-02,1.272378,1.464944,1.000000,0,0,-1.177434,9.512493e-02,1.272378
83,-2.0354355324222304,-2.212397,-1.275885,9.512493e-02,-1.034963,0.969256,1.000000,0,0,-1.275885,9.512493e-02,-1.034963
84,-2.0500920126549187,-3.866609,-1.522327,9.512493e-02,-2.590724,6.073389,1.000000,0,0,-1.522327,9.512493e-02,-2.590724
85,-2.0128485742722098,-2.110073,-1.578237,9.512493e-02,-0.587745,0.312584,1.000000,0,0,-1.578237,9.512493e-02,-0.587745
86,-2.0332991401389653,-1.366931,-1.558136,9.512493e-02,0.211305,0.040403,1.000000,0,0,-1.558136,9.512493e-02,0.211305
87,-2.0481108303424937,-1.601853,-1.562295,9.512493e-02,-0.043717,0.001729,1.000000,0,0,-1.562295,9.512493e-02,-0.043717
88,-2.0148762738101604,-4.393420,-1.831605,9.512493e-02,-2.831125,7.252817,1.000000,0,0,-1.831605,9.512493e-02,-2.831125
89,-1.9180347554932466,-1.596315,-1.809223,9.512492e-02,0.235290,0.050095,1.000000,0,0,-1.809223,9.512492e-02,0.235290
90,-1.9628324471148282,-4.084084,-2.025619,9.512492e-02,-2.274860,4.682719,1.000000,0,0,-2.025619,9.512492e-02,-2.274860
91,-2.0001143260365195,0.274018,-1.806866,9.512492e-02,2.299638,4.785281,1.000000,0,0,-1.806866,9.512492e-02,2.299638
92,-1.8060619210995923,-3.201141,-1.939497,9.512492e-02,-1.394275,1.759080,1.000000,0,0,-1.939497,9.512492e-02,-1.394275
93,-1.7530592839083454,-2.518629,-1.994587,9.512492e-02,-0.579132,0.303490,1.000000,0,0,-1.994587,9.512492e-02,-0.579132
94,-1.851604240007582,-1.746279,-1.970966,9.512492e-02,0.248307,0.055791,1.000000,0,0,-1.970966,9.512492e-02,0.248307
95,-1.6192099444141725,-2.141405,-1.987179,9.512492e-02,-0.170439,0.026286,1.000000,0,0,-1.987179,9.512492e-02,-0.170439
96,-1.541619212776048,-0.370929,-1.833434,9.512492e-02,1.616250,2.363773,1.000000,0,0,-1.833434,9.512492e-02,1.616250
97,-1.6005191819511955,-2.255398,-1.873573,9.512492e-02,-0.421964,0.161116,1.000000,0,0,-1.873573,9.512492e-02,-0.421964
98,-1.7179605962719706,-1.306207,-1.819602,9.512492e-02,0.567366,0.291283,1.000000,0,0,-1.819602,9.512492e-02,0.567366
99,-1.6881287515444081,-1.290505,-1.769272,9.512492e-02,0.529098,0.253315,1.000000,0,0,-1.769272,9.512492e-02,0.529098
100,-1.7713490377132104,-1.381092,-1.732346,9.512492e-02,0.388180,0.136350,1.000000,0,0,-1.732346,9.512492e-02,0.388180
101,-1.8771029244061084,-3.100709,-1.862512,9.512492e-02,-1.368363,1.694304,1.000000,0,0,-1.862512,9.512492e-02,-1.368363
102,-2.0067030217020694,-0.225599,-1.706801,9.512492e-02,1.636913,2.424597,1.000000,0,0,-1.706801,9.512492e-02,1.636913
103,-2.0573205593329313,-2.931282,-1.823279,9.512492e-02,-1.224481,1.356729,1.000000,0,0,-1.823279,9.512492e-02,-1.224481
104,-1.9465656684711745,-2.939197,-1.929431,9.512492e-02,-1.115917,1.126815,1.000000,0,0,-1.929431,9.512492e-02,-1.115917
105,-1.9899173021953476,-2.306268,-1.965278,9.512492e-02,-0.376837,0.128498,1.000000,0,0,-1.965278,9.512492e-02,-0.376837
106,-2.1348591367026817,-1.926556,-1.961594,9.512492e-02,0.038721,0.001357,1.000000,0,0,-1.961594,9.512492e-02,0.038721
107,-2.0679754855765964,-4.820896,-2.233585,9.512492e-02,-2.859302,7.397902,1.000000,0,0,-2.233585,9.512492e-02,-2.859302
108,-2.0614063149753417,-2.483113,-2.257321,9.512492e-02,-0.249528,0.056341,1.000000,0,0,-2.257321,9.512492e-02,-0.249528
109,-1.9770177957012867,-0.842235,-2.122711,9.512492e-02,1.415087,1.811985,1.000000,0,0,-2.122711,9.512492e-02,1.415087
110,-1.856844298851317,-1.635622,-2.076377,9.512492e-02,0.487090,0.214687,1.000000,0,0,-2.076377,9.512492e-02,0.487090
111,-1.8737185381577008,-1.670319,-2.037751,9.512492e-02,0.406058,0.149198,1.000000,0,0,-2.037751,9.512492e-02,0.406058
112,-1.8882023958033214,-0.990089,-1.938092,9.512492e-02,1.047662,0.993187,1.000000,0,0,-1.938092,9.512492e-02,1.047662
113,-1.892751071326882,-1.529473,-1.899222,9.512492e-02,0.408619,0.151087,1.000000,0,0,-1.899222,9.512492e-02,0.408619
114,-2.006210631307397,-3.482805,-2.049860,9.512492e-02,-1.583583,2.269186,1.000000,0,0,-2.049860,9.512492e-02,-1.583583
115,-1.9393130739090636,-3.282708,-2.167135,9.512492e-02,-1.232848,1.375333,1.000000,0,0,-2.167135,9.512492e-02,-1.232848
116,-1.8020920079851566,-1.800562,-2.132265,9.512492e-02,0.366573,0.121593,1.000000,0,0,-2.132265,9.512492e-02,0.366573
117,-1.7847106250674591,-4.361863,-2.344355,9.512492e-02,-2.229598,4.498233,1.000000,0,0,-2.344355,9.512492e-02,-2.229598
118,-1.8084546121408747,-1.871650,-2.299389,9.512492e-02,0.472705,0.202194,1.000000,0,0,-2.299389,9.512492e-02,0.472705
119,-1.8344439218212254,0.126461,-2.068630,9.512492e-02,2.425850,5.324963,1.000000,0,0,-2.068630,9.512492e-02,2.425850
120,-1.9125054964661854,-2.329513,-2.093447,9.512492e-02,-0.260883,0.061586,1.000000,0,0,-2.093447,9.512492e-02,-0.260883
121,-1.9928980393653217,-1.117746,-2.000633,9.512492e-02,0.975700,0.861433,1.000000,0,0,-2.000633,9.512492e-02,0.975700
122,-2.0329814669395483,-5.273316,-2.291707,9.577508e-02,-3.272683,9.691620,0.928637,0,1,-2.311947,9.512492e-02,-3.272683
123,-2.1171742607997497,-3.024876,-2.361839,9.565696e-02,-0.733170,0.486118,1.000000,0,0,-2.379764,9.512492e-02,-0.712929
124,-2.1609098329256455,-2.499270,-2.374972,9.556034e-02,-0.137431,0.017082,1.000000,0,0,-2.391132,9.512492e-02,-0.119506
125,-2.318637550549069,-2.241659,-2.362243,9.548130e-02,0.133313,0.016075,1.000000,0,0,-2.376914,9.512492e-02,0.149473
126,-2.2836280808603435,-3.147589,-2.437178,9.541663e-02,-0.785345,0.557917,1.000000,0,0,-2.450224,9.512492e-02,-0.770675
127,-2.278716737732566,-1.314801,-2.330144,9.536371e-02,1.122378,1.139599,1.000000,0,0,-2.342217,9.512492e-02,1.135423
128,-2.3939686558854594,-2.629359,-2.358666,9.532040e-02,-0.299214,0.080995,1.000000,0,0,-2.369531,9.512492e-02,-0.287142
129,-2.6237938223798363,-3.151053,-2.434168,9.528495e-02,-0.792387,0.568050,1.000000,0,0,-2.443873,9.512492e-02,-0.781521
130,-2.624572281611399,-2.754618,-2.464693,9.525593e-02,-0.320450,0.092906,1.000000,0,0,-2.473433,9.512492e-02,-0.310745
131,-2.5141775657442844,-1.925100,-2.413306,9.523218e-02,0.539593,0.263433,1.000000,0,0,-2.421273,9.512492e-02,0.548333
132,-2.58753387317864,-3.584007,-2.524772,9.521274e-02,-1.170701,1.240048,1.000000,0,0,-2.531878,9.512492e-02,-1.162734
133,-2.635833442839459,-2.716602,-2.543034,9.519682e-02,-0.191830,0.033296,1.000000,0,0,-2.549450,9.512492e-02,-0.184724
134,-2.6926725851529385,-3.192527,-2.604855,9.518379e-02,-0.649493,0.381689,1.000000,0,0,-2.610622,9.512492e-02,-0.643077
135,-2.6273415343764017,-1.545650,-2.504047,9.517312e-02,1.059205,1.015139,1.000000,0,0,-2.509317,9.512492e-02,1.064973
136,-2.7189357377306487,-2.690141,-2.521756,9.516438e-02,-0.186094,0.031335,1.000000,0,0,-2.526518,9.512492e-02,-0.180824
137,-2.6203528722303546,-4.003717,-2.662776,9.515723e-02,-1.481961,1.987223,1.000000,0,0,-2.667036,9.512492e-02,-1.477199
138,-2.6506582655458626,-2.754483,-2.671502,9.515138e-02,-0.091707,0.007610,1.000000,0,0,-2.675355,9.512492e-02,-0.087447
139,-2.5581871543998504,-3.569618,-2.756954,9.514658e-02,-0.898116,0.729866,1.000000,0,0,-2.760421,9.512492e-02,-0.894263
140,-2.5549282879395943,-2.109221,-2.695327,9.514266e-02,0.647734,0.379641,1.000000,0,0,-2.698476,9.512492e-02,0.651201
141,-2.5780623355982906,-2.801074,-2.705388,9.513944e-02,-0.105746,0.010118,1.000000,0,0,-2.708236,9.512492e-02,-0.102598
142,-2.725883850388718,-2.320830,-2.668802,9.513681e-02,0.384558,0.133816,1.000000,0,0,-2.671384,9.512492e-02,0.387406
143,-2.794603450307745,-2.597105,-2.661981,9.513466e-02,0.071697,0.004651,1.000000,0,0,-2.664318,9.512492e-02,0.074278
144,-2.8207301141679855,-3.700298,-2.760760,9.513289e-02,-1.038317,0.975538,1.000000,0,0,-2.762865,9.512492e-02,-1.035980
145,-2.7547619126929104,-2.646749,-2.749914,9.513145e-02,0.114011,0.011762,1.000000,0,0,-2.751820,9.512492e-02,0.116117
146,-2.730266001286836,-2.691716,-2.744377,9.513027e-02,0.058198,0.003065,1.000000,0,0,-2.746102,9.512492e-02,0.060104
147,-2.799939376626209,-2.684685,-2.738699,9.512930e-02,0.059692,0.003224,1.000000,0,0,-2.740260,9.512492e-02,0.061417
148,-2.758966256391835,-2.678813,-2.733002,9.512850e-02,0.059886,0.003245,1.000000,0,0,-2.734415,9.512492e-02,0.061447
149,-2.660233837057728,-2.996616,-2.758079,9.512786e-02,-0.263614,0.062882,1.000000,0,0,-2.759357,9.512492e-02,-0.262201
150,-2.6750907587439263,,-2.758079,1.051279e-01,,,0.000000,1,0,-2.759357,1.051249e-01,
151,-2.7189934992708786,,-2.758079,1.151279e-01,,,0.000000,1,0,-2.759357,1.151249e-01,
152,-2.758369778180995,,-2.758079,1.251279e-01,,,0.000000,1,0,-2.759357,1.251249e-01,
153,-2.6773054561183045,,-2.758079,1.351279e-01,,,0.000000,1,0,-2.759357,1.351249e-01,
154,-2.6234722081645736,,-2.758079,1.451279e-01,,,0.000000,1,0,-2.759357,1.451249e-01,
155,-2.716436633804423,,-2.758079,1.551279e-01,,,0.000000,1,0,-2.759357,1.551249e-01,
156,-2.678946252858228,,-2.758079,1.651279e-01,,,0.000000,1,0,-2.759357,1.651249e-01,
157,-2.7269444082875247,,-2.758079,1.751279e-01,,,0.000000,1,0,-2.759357,1.751249e-01,
158,-2.802064972172288,,-2.758079,1.851279e-01,,,0.000000,1,0,-2.759357,1.851249e-01,
159,-2.6781027746001786,,-2.758079,1.951279e-01,,,0.000000,1,0,-2.759357,1.951249e-01,
160,-2.595989291061877,,-2.758079,2.051279e-01,,,0.000000,1,0,-2.759357,2.051249e-01,
161,-2.668475396472627,,-2.758079,2.151279e-01,,,0.000000,1,0,-2.759357,2.151249e-01,
162,-2.660542023226165,,-2.758079,2.251279e-01,,,0.000000,1,0,-2.759357,2.251249e-01,
163,-2.6103958999077532,,-2.758079,2.351279e-01,,,0.000000,1,0,-2.759357,2.351249e-01,
164,-2.674342987462671,,-2.758079,2.451279e-01,,,0.000000,1,0,-2.759357,2.451249e-01,
165,-2.6863865555295243,,-2.758079,2.551279e-01,,,0.000000,1,0,-2.759357,2.551249e-01,
166,-2.619702238914022,,-2.758079,2.651279e-01,,,0.000000,1,0,-2.759357,2.651249e-01,
167,-2.7986303799653047,,-2.758079,2.751279e-01,,,0.000000,1,0,-2.759357,2.751249e-01,
168,-2.765877481052622,,-2.758079,2.851279e-01,,,0.000000,1,0,-2.759357,2.851249e-01,
169,-2.691997443352703,,-2.758079,2.951279e-01,,,0.000000,1,0,-2.759357,2.951249e-01,
170,-2.641567570426535,,-2.758079,3.051279e-01,,,0.000000,1,0,-2.759357,3.051249e-01,
171,-2.7757233338202765,,-2.758079,3.151279e-01,,,0.000000,1,0,-2.759357,3.151249e-01,
172,-2.743863074183792,,-2.758079,3.251279e-01,,,0.000000,1,0,-2.759357,3.251249e-01,
173,-2.8302109858626987,,-2.758079,3.351279e-01,,,0.000000,1,0,-2.759357,3.351249e-01,
174,-2.7732110354672628,,-2.758079,3.451279e-01,,,0.000000,1,0,-2.759357,3.451249e-01,
175,-2.712749343682274,,-2.758079,3.551279e-01,,,0.000000,1,0,-2.759357,3.551249e-01,
176,-2.691105469780003,,-2.758079,3.651279e-01,,,0.000000,1,0,-2.759357,3.651249e-01,
177,-2.7676427904021015,,-2.758079,3.751279e-01,,,0.000000,1,0,-2.759357,3.751249e-01,
178,-2.826752955345695,,-2.758079,3.851279e-01,,,0.000000,1,0,-2.759357,3.851249e-01,
179,-2.7413473619597046,,-2.758079,3.951279e-01,,,0.000000,1,0,-2.759357,3.951249e-01,
180,-2.8312266620549793,,-2.758079,4.051279e-01,,,0.000000,1,0,-2.759357,4.051249e-01,
181,-2.7816466926052694,,-2.758079,4.151279e-01,,,0.000000,1,0,-2.759357,4.151249e-01,
182,-2.730502203642521,,-2.758079,4.251279e-01,,,0.000000,1,0,-2.759357,4.251249e-01,
183,-2.758363398887331,,-2.758079,4.351279e-01,,,0.000000,1,0,-2.759357,4.351249e-01,
184,-2.5189076481192396,,-2.758079,4.451279e-01,,,0.000000,1,0,-2.759357,4.451249e-01,
185,-2.5118917625046366,,-2.758079,4.551279e-01,,,0.000000,1,0,-2.759357,4.551249e-01,
186,-2.297246133918598,,-2.758079,4.651279e-01,,,0.000000,1,0,-2.759357,4.651249e-01,
187,-2.4988669992810193,,-2.758079,4.751279e-01,,,0.000000,1,0,-2.759357,4.751249e-01,
188,-2.7232334342450333,,-2.758079,4.851279e-01,,,0.000000,1,0,-2.759357,4.851249e-01,
189,-2.625055437687522,,-2.758079,4.951279e-01,,,0.000000,1,0,-2.759357,4.951249e-01,
190,-2.56143407382496,,-2.758079,5.051279e-01,,,0.000000,1,0,-2.759357,5.051249e-01,
191,-2.5926627440553855,,-2.758079,5.151279e-01,,,0.000000,1,0,-2.759357,5.151249e-01,
192,-2.5980172801686225,,-2.758079,5.251279e-01,,,0.000000,1,0,-2.759357,5.251249e-01,
193,-2.7883183384152526,,-2.758079,5.351279e-01,,,0.000000,1,0,-2.759357,5.351249e-01,
194,-2.8512189271353803,,-2.758079,5.451279e-01,,,0.000000,1,0,-2.759357,5.451249e-01,
195,-2.9545721992434126,,-2.758079,5.551279e-01,,,0.000000,1,0,-2.759357,5.551249e-01,
196,-2.976754139125148,,-2.758079,5.651279e-01,,,0.000000,1,0,-2.759357,5.651249e-01,
197,-2.888150065039344,,-2.758079,5.751279e-01,,,0.000000,1,0,-2.759357,5.751249e-01,
198,-2.882851552407318,,-2.758079,5.851279e-01,,,0.000000,1,0,-2.759357,5.851249e-01,
199,-2.8456786286110938,,-2.758079,5.951279e-01,,,0.000000,1,0,-2.759357,5.951249e-01,
200,-2.915492110778395,,-2.758079,6.051279e-01,,,0.000000,1,0,-2.759357,6.051249e-01,
201,-2.958987724449302,,-2.758079,6.151279e-01,,,0.000000,1,0,-2.759357,6.151249e-01,
202,-2.947772831685271,,-2.758079,6.251279e-01,,,0.000000,1,0,-2.759357,6.251249e-01,
203,-2.9759989473086943,,-2.758079,6.351279e-01,,,0.000000,1,0,-2.759357,6.351249e-01,
204,-2.84952819314527,,-2.758079,6.451279e-01,,,0.000000,1,0,-2.759357,6.451249e-01,
205,-2.9371028457487416,,-2.758079,6.551279e-01,,,0.000000,1,0,-2.759357,6.551249e-01,
206,-2.748003214657347,,-2.758079,6.651279e-01,,,0.000000,1,0,-2.759357,6.651249e-01,
207,-2.8460745448233413,,-2.758079,6.751279e-01,,,0.000000,1,0,-2.759357,6.751249e-01,
208,-2.740113865373622,,-2.758079,6.851279e-01,,,0.000000,1,0,-2.759357,6.851249e-01,
209,-2.8174300565043153,,-2.758079,6.951279e-01,,,0.000000,1,0,-2.759357,6.951249e-01,
210,-2.6526056365471486,,-2.758079,7.051279e-01,,,0.000000,1,0,-2.759357,7.051249e-01,
211,-2.6389618662128873,,-2.758079,7.151279e-01,,,0.000000,1,0,-2.759357,7.151249e-01,
212,-2.5991316137386593,,-2.758079,7.251279e-01,,,0.000000,1,0,-2.759357,7.251249e-01,
213,-2.5246745651405327,,-2.758079,7.351279e-01,,,0.000000,1,0,-2.759357,7.351249e-01,
214,-2.588167339350866,,-2.758079,7.451279e-01,,,0.000000,1,0,-2.759357,7.451249e-01,
215,-2.6923593116485294,,-2.758079,7.551279e-01,,,0.000000,1,0,-2.759357,7.551249e-01,
216,-2.895008312035243,,-2.758079,7.651279e-01,,,0.000000,1,0,-2.759357,7.651249e-01,
217,-2.7730044671617566,,-2.758079,7.751279e-01,,,0.000000,1,0,-2.759357,7.751249e-01,
218,-2.842619851243736,,-2.758079,7.851279e-01,,,0.000000,1,0,-2.759357,7.851249e-01,
219,-2.9018232198833576,,-2.758079,7.951279e-01,,,0.000000,1,0,-2.759357,7.951249e-01,
220,-2.9049159826449604,,-2.758079,8.051279e-01,,,0.000000,1,0,-2.759357,8.051249e-01,
221,-2.706039302736932,,-2.758079,8.151279e-01,,,0.000000,1,0,-2.759357,8.151249e-01,
222,-2.8788784006890205,,-2.758079,8.251279e-01,,,0.000000,1,0,-2.759357,8.251249e-01,
223,-2.8539444965534724,,-2.758079,8.351279e-01,,,0.000000,1,0,-2.759357,8.351249e-01,
224,-2.8935355489235657,,-2.758079,8.451279e-01,,,0.000000,1,0,-2.759357,8.451249e-01,
225,-2.8403484053945682,,-2.758079,8.551279e-01,,,0.000000,1,0,-2.759357,8.551249e-01,
226,-3.0202434078775764,,-2.758079,8.651279e-01,,,0.000000,1,0,-2.759357,8.651249e-01,
227,-3.0600241676180233,,-2.758079,8.751279e-01,,,0.000000,1,0,-2.759357,8.751249e-01,
228,-2.975967013399034,,-2.758079,8.851279e-01,,,0.000000,1,0,-2.759357,8.851249e-01,
229,-2.8200592926090695,,-2.758079,8.951279e-01,,,0.000000,1,0,-2.759357,8.951249e-01,
230,-2.660386990666272,,-2.758079,9.051279e-01,,,0.000000,1,0,-2.759357,9.051249e-01,
231,-2.7458736027895374,,-2.758079,9.151279e-01,,,0.000000,1,0,-2.759357,9.151249e-01,
232,-2.7404045561235306,,-2.758079,9.251279e-01,,,0.000000,1,0,-2.759357,9.251249e-01,
233,-2.7513931854071894,,-2.758079,9.351279e-01,,,0.000000,1,0,-2.759357,9.351249e-01,
234,-2.8890377038296053,,-2.758079,9.451279e-01,,,0.000000,1,0,-2.759357,9.451249e-01,
235,-3.0330673970622812,,-2.758079,9.551279e-01,,,0.000000,1,0,-2.759357,9.551249e-01,
236,-2.95737448569026,,-2.758079,9.651279e-01,,,0.000000,1,0,-2.759357,9.651249e-01,
237,-2.9328161952059126,,-2.758079,9.751279e-01,,,0.000000,1,0,-2.759357,9.751249e-01,
238,-2.947078881149184,,-2.758079,9.851279e-01,,,0.000000,1,0,-2.759357,9.851249e-01,
239,-2.825501614897392,,-2.758079,9.951279e-01,,,0.000000,1,0,-2.759357,9.951249e-01,
240,-2.9256773705112837,,-2.758079,1.005128e+00,,,0.000000,1,0,-2.759357,1.005125e+00,
241,-2.8730264599315647,,-2.758079,1.015128e+00,,,0.000000,1,0,-2.759357,1.015125e+00,
242,-2.8720292928295073,,-2.758079,1.025128e+00,,,0.000000,1,0,-2.759357,1.025125e+00,
243,-2.8779632126076358,,-2.758079,1.035128e+00,,,0.000000,1,0,-2.759357,1.035125e+00,
244,-2.8289352634715184,,-2.758079,1.045128e+00,,,0.000000,1,0,-2.759357,1.045125e+00,
245,-2.8113420015014854,,-2.758079,1.055128e+00,,,0.000000,1,0,-2.759357,1.055125e+00,
246,-2.784658201247428,,-2.758079,1.065128e+00,,,0.000000,1,0,-2.759357,1.065125e+00,
247,-2.758099438061927,,-2.758079,1.075128e+00,,,0.000000,1,0,-2.759357,1.075125e+00,
248,-2.5642485524414784,,-2.758079,1.085128e+00,,,0.000000,1,0,-2.759357,1.085125e+00,
249,-2.5953355262925513,,-2.758079,1.095128e+00,,,0.000000,1,0,-2.759357,1.095125e+00,
250,-2.4941093861845856,,-2.758079,1.105128e+00,,,0.000000,1,0,-2.759357,1.105125e+00,
251,-2.433271957514584,,-2.758079,1.115128e+00,,,0.000000,1,0,-2.759357,1.115125e+00,
252,-2.4682392751040845,,-2.758079,1.125128e+00,,,0.000000,1,0,-2.759357,1.125125e+00,
253,-2.3886669767068462,,-2.758079,1.135128e+00,,,0.000000,1,0,-2.759357,1.135125e+00,
254,-2.4744241171298116,,-2.758079,1.145128e+00,,,0.000000,1,0,-2.759357,1.145125e+00,
255,-2.358378593839392,,-2.758079,1.155128e+00,,,0.000000,1,0,-2.759357,1.155125e+00,
256,-2.4393246526687777,,-2.758079,1.165128e+00,,,0.000000,1,0,-2.759357,1.165125e+00,
257,-2.488310114113955,,-2.758079,1.175128e+00,,,0.000000,1,0,-2.759357,1.175125e+00,
258,-2.4560047166362042,,-2.758079,1.185128e+00,,,0.000000,1,0,-2.759357,1.185125e+00,
259,-2.3727615927232653,,-2.758079,1.195128e+00,,,0.000000,1,0,-2.759357,1.195125e+00,
260,-2.282011997750331,,-2.758079,1.205128e+00,,,0.000000,1,0,-2.759357,1.205125e+00,
261,-2.192671173678722,,-2.758079,1.215128e+00,,,0.000000,1,0,-2.759357,1.215125e+00,
262,-2.213383602635257,,-2.758079,1.225128e+00,,,0.000000,1,0,-2.759357,1.225125e+00,
263,-2.30898377106159,,-2.758079,1.235128e+00,,,0.000000,1,0,-2.759357,1.235125e+00,
264,-2.2540028281161693,,-2.758079,1.245128e+00,,,0.000000,1,0,-2.759357,1.245125e+00,
265,-2.223821216682963,,-2.758079,1.255128e+00,,,0.000000,1,0,-2.759357,1.255125e+00,
266,-2.319075211255074,,-2.758079,1.265128e+00,,,0.000000,1,0,-2.759357,1.265125e+00,
267,-2.221733170235952,,-2.758079,1.275128e+00,,,0.000000,1,0,-2.759357,1.275125e+00,
268,-2.201822672570755,,-2.758079,1.285128e+00,,,0.000000,1,0,-2.759357,1.285125e+00,
269,-2.297597554710156,,-2.758079,1.295128e+00,,,0.000000,1,0,-2.759357,1.295125e+00,
270,-2.2534709778931465,,-2.758079,1.305128e+00,,,0.000000,1,0,-2.759357,1.305125e+00,
271,-2.385981916145911,,-2.758079,1.315128e+00,,,0.000000,1,0,-2.759357,1.315125e+00,
272,-2.4737303540586386,,-2.758079,1.325128e+00,,,0.000000,1,0,-2.759357,1.325125e+00,
273,-2.433507241756321,,-2.758079,1.335128e+00,,,0.000000,1,0,-2.759357,1.335125e+00,
274,-2.5892578090298253,,-2.758079,1.345128e+00,,,0.000000,1,0,-2.759357,1.345125e+00,
275,-2.585490995323574,,-2.758079,1.355128e+00,,,0.000000,1,0,-2.759357,1.355125e+00,
276,-2.7206111067498546,,-2.758079,1.365128e+00,,,0.000000,1,0,-2.759357,1.365125e+00,
277,-2.6468953438575715,,-2.758079,1.375128e+00,,,0.000000,1,0,-2.759357,1.375125e+00,
278,-2.719623290815507,,-2.758079,1.385128e+00,,,0.000000,1,0,-2.759357,1.385125e+00,
279,-2.701358489260849,,-2.758079,1.395128e+00,,,0.000000,1,0,-2.759357,1.395125e+00,
280,-2.8516099129803814,,-2.758079,1.405128e+00,,,0.000000,1,0,-2.759357,1.405125e+00,
281,-2.8860261075958342,,-2.758079,1.415128e+00,,,0.000000,1,0,-2.759357,1.415125e+00,
282,-2.791301687837665,,-2.758079,1.425128e+00,,,0.000000,1,0,-2.759357,1.425125e+00,
283,-2.745573001424439,,-2.758079,1.435128e+00,,,0.000000,1,0,-2.759357,1.435125e+00,
284,-2.9294340454906083,,-2.758079,1.445128e+00,,,0.000000,1,0,-2.759357,1.445125e+00,
285,-2.836993015105442,,-2.758079,1.455128e+00,,,0.000000,1,0,-2.759357,1.455125e+00,
286,-2.747774108430909,,-2.758079,1.465128e+00,,,0.000000,1,0,-2.759357,1.465125e+00,
287,-2.785398788077081,,-2.758079,1.475128e+00,,,0.000000,1,0,-2.759357,1.475125e+00,
288,-2.6436830136056195,,-2.758079,1.485128e+00,,,0.000000,1,0,-2.759357,1.485125e+00,
289,-2.7495938671024414,,-2.758079,1.495128e+00,,,0.000000,1,0,-2.759357,1.495125e+00,
290,-2.7581339448724167,,-2.758079,1.505128e+00,,,0.000000,1,0,-2.759357,1.505125e+00,
291,-2.646756954603892,,-2.758079,1.515128e+00,,,0.000000,1,0,-2.759357,1.515125e+00,
292,-2.515725713177902,,-2.758079,1.525128e+00,,,0.000000,1,0,-2.759357,1.525125e+00,
293,-2.3877121477031027,,-2.758079,1.535128e+00,,,0.000000,1,0,-2.759357,1.535125e+00,
294,-2.497133840311094,,-2.758079,1.545128e+00,,,0.000000,1,0,-2.759357,1.545125e+00,
295,-2.6751651056871673,,-2.758079,1.555128e+00,,,0.000000,1,0,-2.759357,1.555125e+00,
296,-2.6360308128784964,,-2.758079,1.565128e+00,,,0.000000,1,0,-2.759357,1.565125e+00,
297,-2.7791898841995812,,-2.758079,1.575128e+00,,,0.000000,1,0,-2.759357,1.575125e+00,
298,-2.7923319308986407,,-2.758079,1.585128e+00,,,0.000000,1,0,-2.759357,1.585125e+00,
299,-2.9204818062620284,,-2.758079,1.595128e+00,,,0.000000,1,0,-2.759357,1.595125e+00,
300,-2.814340661834729,-4.578406,-3.879659,6.161417e-01,-1.820327,1.271950,1.000000,0,0,-3.880148,6.161412e-01,-1.819050
301,-2.733985268218303,-4.643913,-4.173933,3.850474e-01,-0.764254,0.359184,1.000000,0,0,-4.174234,3.850473e-01,-0.763764
302,-2.67834795695361,-2.696230,-3.755479,2.831785e-01,1.477702,1.565255,1.000000,0,0,-3.755695,2.831784e-01,1.478004
303,-2.6766340284151595,-1.343262,-3.208602,2.267115e-01,2.412217,4.499605,1.000000,0,0,-3.208769,2.267115e-01,2.412433
304,-2.6720541796614086,-1.871368,-2.952650,1.914040e-01,1.337233,1.445926,1.000000,0,0,-2.952785,1.914040e-01,1.337400
305,-2.701811843965697,-3.417864,-3.030638,1.676405e-01,-0.465214,0.180143,1.000000,0,0,-3.030751,1.676405e-01,-0.465079
306,-2.663476303210315,-2.430815,-2.940158,1.508444e-01,0.599824,0.305516,1.000000,0,0,-2.940254,1.508444e-01,0.599936
307,-2.638535612279095,-2.767484,-2.916233,1.385581e-01,0.172675,0.025685,1.000000,0,0,-2.916315,1.385581e-01,0.172770
308,-2.592603743354247,-4.151183,-3.075965,1.293432e-01,-1.234950,1.327840,1.000000,0,0,-3.076037,1.293431e-01,-1.234868
309,-2.6354832146274108,-3.396391,-3.115154,1.223013e-01,-0.320425,0.090115,1.000000,0,0,-3.115217,1.223013e-01,-0.320354
310,-2.445620389349554,-4.324320,-3.256436,1.168428e-01,-1.209166,1.291248,1.000000,0,0,-3.256492,1.168428e-01,-1.209103
311,-2.417396096593651,-2.343165,-3.153634,1.125648e-01,0.913271,0.740178,1.000000,0,0,-3.153683,1.125648e-01,0.913327
312,-2.2779594789032505,-0.383369,-2.851169,1.091828e-01,2.770265,6.836458,1.000000,0,0,-2.851212,1.091828e-01,2.770314
313,-2.1448875386657953,-2.368248,-2.799742,1.064909e-01,0.482920,0.208377,1.000000,0,0,-2.799781,1.064909e-01,0.482964
314,-2.2327978245334235,-3.752114,-2.899109,1.043367e-01,-0.952372,0.812378,1.000000,0,0,-2.899144,1.043367e-01,-0.952333
315,-2.401474320113808,-2.195918,-2.826958,1.026051e-01,0.703191,0.443742,1.000000,0,0,-2.826990,1.026051e-01,0.703227
316,-2.2757588623851093,-1.311407,-2.673571,1.012085e-01,1.515551,2.064430,1.000000,0,0,-2.673600,1.012085e-01,1.515583
317,-2.3145106788700294,-3.325512,-2.738817,1.000789e-01,-0.651940,0.382490,1.000000,0,0,-2.738842,1.000789e-01,-0.651912
318,-2.306314689442068,-1.655657,-2.631407,9.916314e-02,1.083160,1.056893,1.000000,0,0,-2.631430,9.916314e-02,1.083185
319,-2.332231725087177,-2.136902,-2.582739,9.841937e-02,0.494505,0.220468,1.000000,0,0,-2.582759,9.841937e-02,0.494528
320,-2.319160578946903,-2.699590,-2.594168,9.781439e-02,-0.116852,0.012319,1.000000,0,0,-2.594187,9.781439e-02,-0.116831
321,-2.4381157310046775,-2.755264,-2.609846,9.732171e-02,-0.161096,0.023426,1.000000,0,0,-2.609863,9.732171e-02,-0.161077
322,-2.4484346958504606,-1.001708,-2.453986,9.692008e-02,1.608138,2.335463,1.000000,0,0,-2.454001,9.692008e-02,1.608155
323,-2.4948152250872746,-0.246785,-2.240787,9.659241e-02,2.207201,4.401163,1.000000,0,0,-2.240800,9.659241e-02,2.207216
324,-2.4963339545863255,-5.493833,-2.537371,9.687425e-02,-3.253047,9.562972,0.941130,0,1,-2.554149,9.632491e-02,-3.253033
325,-2.729852351595916,-2.766515,-2.559496,9.655501e-02,-0.229143,0.047437,1.000000,0,0,-2.574558,9.610640e-02,-0.212366
326,-2.647769506867662,-1.733653,-2.479972,9.629436e-02,0.825843,0.616342,1.000000,0,0,-2.493892,9.592785e-02,0.840905
327,-2.6145888533662074,-4.104197,-2.636030,9.608144e-02,-1.624225,2.384635,1.000000,0,0,-2.648130,9.578188e-02,-1.610305
328,-2.7872798145201263,-3.426470,-2.711839,9.590744e-02,-0.790440,0.564873,1.000000,0,0,-2.722588,9.566252e-02,-0.778340
329,-2.860696080709816,-2.507405,-2.692261,9.576520e-02,0.204434,0.037791,1.000000,0,0,-2.702024,9.556489e-02,0.215183
330,-2.8575826987553934,-2.210744,-2.646205,9.564887e-02,0.481517,0.209682,1.000000,0,0,-2.655114,9.548502e-02,0.491280
331,-2.794703638741131,-2.507697,-2.632970,9.555373e-02,0.138507,0.017351,1.000000,0,0,-2.641048,9.541968e-02,0.147417
332,-2.7946741531650394,-4.164587,-2.779202,9.547589e-02,-1.531617,2.121879,1.000000,0,0,-2.786342,9.536620e-02,-1.523539
333,-2.6563221994872386,-2.630935,-2.765056,9.541221e-02,0.148267,0.019886,1.000000,0,0,-2.771528,9.532244e-02,0.155407
334,-2.6540950999049686,-2.005695,-2.692643,9.536009e-02,0.759361,0.521641,1.000000,0,0,-2.698555,9.528662e-02,0.765833
335,-2.7541132748014734,-1.859913,-2.613269,9.531744e-02,0.832731,0.627343,1.000000,0,0,-2.618668,9.525730e-02,0.838642
336,-2.8217529257737874,-4.212846,-2.765681,9.528252e-02,-1.599576,2.314850,1.000000,0,0,-2.770487,9.523330e-02,-1.594178
337,-2.7473910320346433,-1.236862,-2.620055,9.525395e-02,1.528819,2.114652,1.000000,0,0,-2.624465,9.521365e-02,1.533625
338,-2.8087196353901747,-3.379861,-2.692412,9.523056e-02,-0.759806,0.522329,1.000000,0,0,-2.696377,9.519757e-02,-0.755397
339,-2.7246245709671433,-0.905453,-2.522273,9.521141e-02,1.786959,2.889191,1.000000,0,0,-2.525909,9.518440e-02,1.790924
340,-2.622585375319974,-4.068365,-2.669454,9.519573e-02,-1.546092,2.162846,1.000000,0,0,-2.672710,9.517362e-02,-1.542457
341,-2.563735274011707,-4.409502,-2.835077,9.518290e-02,-1.740048,2.739575,1.000000,0,0,-2.837991,9.516480e-02,-1.736792
342,-2.462017146170137,-2.608475,-2.813511,9.517239e-02,0.226602,0.046462,1.000000,0,0,-2.816151,9.515757e-02,0.229516
343,-2.4794035509461123,-1.696398,-2.707202,9.516379e-02,1.117113,1.129182,1.000000,0,0,-2.709605,9.515165e-02,1.119753
344,-2.480366884181638,-3.255088,-2.759337,9.515674e-02,-0.547886,0.271615,1.000000,0,0,-2.761506,9.514681e-02,-0.545484
345,-2.5395354467297704,-2.476516,-2.732427,9.515098e-02,0.282821,0.072377,1.000000,0,0,-2.734391,9.514284e-02,0.284990
346,-2.600553986230655,-4.579510,-2.908170,9.514625e-02,-1.847083,3.087105,1.000000,0,0,-2.909935,9.513959e-02,-1.845119
347,-2.7570723275656497,-4.235824,-3.034486,9.514239e-02,-1.327654,1.594962,1.000000,0,0,-3.036076,9.513694e-02,-1.325889
348,-2.8126218195492516,-3.454548,-3.074450,9.513922e-02,-0.420063,0.159665,1.000000,0,0,-3.075887,9.513476e-02,-0.418473
349,-2.919733161177017,-3.050089,-3.072133,9.513663e-02,0.024361,0.000537,1.000000,0,0,-3.073433,9.513298e-02,0.025798
350,-3.062502243750844,-1.730205,-2.944469,9.513451e-02,1.341928,1.629455,1.000000,0,0,-2.945650,9.513152e-02,1.343228
351,-3.0478480175184566,-2.587510,-2.910510,9.513277e-02,0.356959,0.115298,1.000000,0,0,-2.911580,9.513032e-02,0.358140
352,-3.002388592328991,-3.132365,-2.931616,9.513135e-02,-0.221854,0.044537,1.000000,0,0,-2.932583,9.512934e-02,-0.220785
353,-3.0365646013602134,-2.991355,-2.937299,9.513019e-02,-0.059739,0.003229,1.000000,0,0,-2.938174,9.512854e-02,-0.058772
354,-2.8997192288271822,-4.107665,-3.048635,9.512923e-02,-1.170366,1.239453,1.000000,0,0,-3.049425,9.512789e-02,-1.169491
355,-2.8056333215534472,-1.486930,-2.900072,9.512845e-02,1.561705,2.206910,1.000000,0,0,-2.900789,9.512735e-02,1.562495
356,-2.701135372696123,-3.333602,-2.941313,9.512781e-02,-0.433530,0.170069,1.000000,0,0,-2.941961,9.512691e-02,-0.432813
357,-2.761513073058976,-3.406275,-2.985543,9.512729e-02,-0.464962,0.195624,1.000000,0,0,-2.986130,9.512655e-02,-0.464314
358,-2.910739419791791,-0.169073,-2.717622,9.512686e-02,2.816470,7.177911,1.000000,0,0,-2.718154,9.512625e-02,2.817056
359,-2.8549438055619016,-3.558102,-2.797573,9.512651e-02,-0.840480,0.639209,1.000000,0,0,-2.798055,9.512601e-02,-0.839948
360,-2.824123170904397,-2.115964,-2.732735,9.512622e-02,0.681609,0.420397,1.000000,0,0,-2.733170,9.512582e-02,0.682090
361,-2.751514403667668,-2.630794,-2.723037,9.512599e-02,0.101940,0.009403,1.000000,0,0,-2.723432,9.512565e-02,0.102376
362,-2.7098461835406336,-3.411966,-2.788572,9.512579e-02,-0.688929,0.429474,1.000000,0,0,-2.788929,9.512552e-02,-0.688535
363,-2.583818143476346,-3.165147,-2.824394,9.512563e-02,-0.376575,0.128319,1.000000,0,0,-2.824717,9.512541e-02,-0.376218
364,-2.6126322307859926,-2.190407,-2.764086,9.512551e-02,0.633987,0.363705,1.000000,0,0,-2.764378,9.512532e-02,0.634310
365,-2.5458714028557283,-0.791911,-2.576482,9.512540e-02,1.972175,3.519486,1.000000,0,0,-2.576746,9.512525e-02,1.972467
366,-2.63539941687652,-1.679730,-2.491178,9.512531e-02,0.896752,0.727667,1.000000,0,0,-2.491418,9.512519e-02,0.897016
367,-2.8663080572238426,-3.532159,-2.590202,9.512524e-02,-1.040981,0.980560,1.000000,0,0,-2.590418,9.512514e-02,-1.040742
368,-2.910735928665892,-1.634189,-2.499261,9.512518e-02,0.956012,0.827019,1.000000,0,0,-2.499457,9.512510e-02,0.956229
369,-2.7608547374054675,-3.052328,-2.551871,9.512514e-02,-0.553067,0.276786,1.000000,0,0,-2.552049,9.512507e-02,-0.552871
370,-2.9284599304580317,-3.754890,-2.666309,9.512510e-02,-1.203019,1.309585,1.000000,0,0,-2.666469,9.512504e-02,-1.202842
371,-2.826763588284275,-3.700691,-2.764704,9.512507e-02,-1.034383,0.968169,1.000000,0,0,-2.764849,9.512502e-02,-1.034222
372,-2.8947194616235348,-2.283769,-2.718955,9.512504e-02,0.480936,0.209297,1.000000,0,0,-2.719087,9.512500e-02,0.481081
373,-2.9347060332145536,-5.000000,-2.935940,9.512502e-02,-2.281045,4.708214,1.000000,0,0,-2.936059,9.512499e-02,-2.280913
374,-2.930333376743188,-4.069877,-3.043806,9.512500e-02,-1.133937,1.163501,1.000000,0,0,-3.043913,9.512498e-02,-1.133819
375,-2.909148324354329,-2.917610,-3.031801,9.512499e-02,0.126195,0.014410,1.000000,0,0,-3.031898,9.512497e-02,0.126303
376,-3.0065662603106844,-2.488478,-2.980118,9.512497e-02,0.543323,0.267119,1.000000,0,0,-2.980206,9.512496e-02,0.543420
377,-2.993941993888057,-4.841762,-3.157207,9.512497e-02,-1.861645,3.136044,1.000000,0,0,-3.157286,9.512495e-02,-1.861557
378,-2.9495649987213453,-3.272083,-3.168134,9.512496e-02,-0.114877,0.011941,1.000000,0,0,-3.168206,9.512495e-02,-0.114797
379,-2.8660717152073385,-3.361195,-3.186499,9.512495e-02,-0.193061,0.033727,1.000000,0,0,-3.186564,9.512494e-02,-0.192989
380,-2.941523219218876,-2.285499,-3.100791,9.512495e-02,0.901000,0.734578,1.000000,0,0,-3.100850,9.512494e-02,0.901065
381,-2.786379459415426,-2.096794,-3.005286,9.512494e-02,1.003997,0.912123,1.000000,0,0,-3.005340,9.512494e-02,1.004056
382,-2.5956502351105426,-1.700074,-2.881128,9.512494e-02,1.305213,1.541527,1.000000,0,0,-2.881176,9.512493e-02,1.305266
383,-2.354148208675463,-2.092254,-2.806086,9.512494e-02,0.788874,0.563124,1.000000,0,0,-2.806130,9.512493e-02,0.788923
384,-2.488226519659791,-2.821572,-2.807560,9.512493e-02,-0.015486,0.000217,1.000000,0,0,-2.807599,9.512493e-02,-0.015442
385,-2.4709373448838363,-2.077481,-2.738111,9.512493e-02,0.730079,0.482312,1.000000,0,0,-2.738147,9.512493e-02,0.730119
386,-2.656836448065103,-1.775060,-2.646501,9.512493e-02,0.963051,0.839241,1.000000,0,0,-2.646533,9.512493e-02,0.963086
387,-2.6190116881839867,-1.499365,-2.537379,9.512493e-02,1.147136,1.190744,1.000000,0,0,-2.537409,9.512493e-02,1.147168
388,-2.5635007575108406,-2.018363,-2.488008,9.512493e-02,0.519017,0.243754,1.000000,0,0,-2.488035,9.512493e-02,0.519046
389,-2.6784256086993645,-3.124715,-2.548575,9.512493e-02,-0.636707,0.366833,1.000000,0,0,-2.548599,9.512492e-02,-0.636681
390,-2.837042893314989,-3.014519,-2.592898,9.512493e-02,-0.465945,0.196452,1.000000,0,0,-2.592919,9.512492e-02,-0.465921
391,-2.818319138953681,-3.835917,-2.711140,9.512492e-02,-1.243019,1.398120,1.000000,0,0,-2.711159,9.512492e-02,-1.242998
392,-2.755517489212476,-0.437635,-2.494873,9.512492e-02,2.273505,4.677140,1.000000,0,0,-2.494891,9.512492e-02,2.273524
393,-2.834771579494597,-2.680288,-2.512511,9.512492e-02,-0.185416,0.031109,1.000000,0,0,-2.512527,9.512492e-02,-0.185398
394,-2.8609151231737924,-1.981904,-2.462037,9.512492e-02,0.530606,0.254761,1.000000,0,0,-2.462051,9.512492e-02,0.530623
395,-3.113549024515771,-2.378345,-2.454075,9.512492e-02,0.083691,0.006338,1.000000,0,0,-2.454089,9.512492e-02,0.083706
396,-3.1842671012317454,-2.372711,-2.446336,9.512492e-02,0.081365,0.005990,1.000000,0,0,-2.446348,9.512492e-02,0.081378
397,-3.1695735253726034,-3.081652,-2.506770,9.512492e-02,-0.635316,0.365232,1.000000,0,0,-2.506781,9.512492e-02,-0.635304
398,-3.1543860709033,-3.745226,-2.624578,9.512492e-02,-1.238456,1.387873,1.000000,0,0,-2.624588,9.512492e-02,-1.238445
399,-2.996069251525563,-2.218415,-2.585942,9.512492e-02,0.406163,0.149276,1.000000,0,0,-2.585951,9.512492e-02,0.406173
