method,n,estimate,abs_error,stderr,elapsed_s
crude,1024,8.52616153,1.910501e-01,1.660335e-01,0.0005
crude,4096,8.53988228,1.773293e-01,7.993477e-02,0.0021
crude,16384,8.71689507,3.165515e-04,4.134080e-02,0.0082
crude,65536,8.71434579,2.865826e-03,2.074264e-02,0.0334
crude,262144,8.73319498,1.598336e-02,1.036573e-02,0.1305
crude,1048576,8.72601230,8.800678e-03,5.185047e-03,0.5246
stratified,1024,8.65958864,5.762298e-02,4.486600e-02,0.0009
stratified,4096,8.67877779,3.843383e-02,2.259386e-02,0.0022
stratified,16384,8.71835128,1.139656e-03,1.137379e-02,0.0079
stratified,65536,8.71020496,7.006655e-03,5.719055e-03,0.0304
stratified,262144,8.72114371,3.932091e-03,2.853292e-03,0.1209
stratified,1048576,8.72015119,2.939574e-03,1.430054e-03,0.4836
