step,t,h,err_est,accepted
0,0.000000000000e+00,6.283185e-02,1.724765e+01,0
1,0.000000000000e+00,3.199458e-02,1.023648e+00,0
2,0.000000000000e+00,2.866083e-02,6.413900e-01,1
3,2.866083147074e-02,2.819076e-02,3.415703e-01,1
4,5.685159588104e-02,3.145237e-02,4.015110e-01,1
5,8.830396415964e-02,3.397476e-02,4.385229e-01,1
6,1.222787224845e-01,3.605790e-02,4.633436e-01,1
7,1.583366220054e-01,3.784969e-02,4.809802e-01,1
8,1.961863102853e-01,3.943478e-02,4.940382e-01,1
9,2.356210866107e-01,4.086672e-02,5.039960e-01,1
10,2.764878071449e-01,4.218197e-02,5.117506e-01,1
11,3.186697785665e-01,4.340679e-02,5.178748e-01,1
12,3.620765724655e-01,4.456103e-02,5.227493e-01,1
13,4.066376069721e-01,4.566033e-02,5.266348e-01,1
14,4.522979401999e-01,4.671751e-02,5.297130e-01,1
15,4.990154485925e-01,4.774348e-02,5.321117e-01,1
16,5.467589263483e-01,4.874791e-02,5.339197e-01,1
17,5.955068360994e-01,4.973972e-02,5.351964e-01,1
18,6.452465538666e-01,5.072747e-02,5.359774e-01,1
19,6.959740215202e-01,5.171975e-02,5.362770e-01,1
20,7.476937697550e-01,5.272555e-02,5.360894e-01,1
21,8.004193154573e-01,5.375466e-02,5.731441e-01,1
22,8.541739786174e-01,5.407616e-02,6.585059e-01,1
23,9.082501435011e-01,5.290984e-02,6.600956e-01,1
24,9.611599851343e-01,5.174371e-02,6.601735e-01,1
25,1.012903699918e+00,5.060210e-02,6.610750e-01,1
26,1.063505795518e+00,4.947216e-02,6.628810e-01,1
27,1.112977954773e+00,4.834107e-02,6.656726e-01,1
28,1.161319024704e+00,4.719616e-02,6.696015e-01,1
29,1.208515180783e+00,4.602416e-02,6.749165e-01,1
30,1.254539338563e+00,4.481035e-02,6.820108e-01,1
31,1.299349689741e+00,4.353741e-02,6.915114e-01,1
32,1.342887101328e+00,4.218376e-02,7.044547e-01,1
33,1.385070857261e+00,4.072088e-02,7.226596e-01,1
34,1.425791735901e+00,3.910866e-02,7.496127e-01,1
35,1.464900392296e+00,3.728619e-02,7.929277e-01,1
36,1.502186583220e+00,3.515150e-02,8.730296e-01,1
37,1.537338078645e+00,3.250727e-02,1.069986e+00,0
38,1.537338078645e+00,2.886340e-02,5.905170e-01,1
39,1.566201476218e+00,2.886313e-02,7.494356e-01,1
40,1.595064609627e+00,2.751941e-02,3.275990e-01,1
41,1.622584019736e+00,3.096087e-02,3.933550e-01,1
42,1.653544887249e+00,3.358139e-02,4.332710e-01,1
43,1.687126279166e+00,3.572640e-02,4.597177e-01,1
44,1.722852681436e+00,3.756069e-02,4.783507e-01,1
45,1.760413370565e+00,3.917660e-02,4.920629e-01,1
46,1.799589973341e+00,4.063172e-02,5.024740e-01,1
47,1.840221689528e+00,4.196478e-02,5.105568e-01,1
48,1.882186470546e+00,4.320347e-02,5.169278e-01,1
49,1.925389943100e+00,4.436854e-02,5.219943e-01,1
50,1.969758487354e+00,4.547624e-02,5.260338e-01,1
51,2.015234725684e+00,4.653978e-02,5.292393e-01,1
52,2.061774505013e+00,4.757036e-02,5.317466e-01,1
53,2.109344862202e+00,4.857782e-02,5.336504e-01,1
54,2.157922677305e+00,4.957116e-02,5.350146e-01,1
55,2.207493841967e+00,5.055900e-02,5.358784e-01,1
56,2.258052846268e+00,5.154989e-02,5.362599e-01,1
57,2.309602739322e+00,5.255272e-02,5.361567e-01,1
58,2.362155460827e+00,5.357712e-02,5.535232e-01,1
59,2.415732581321e+00,5.427436e-02,6.581205e-01,1
60,2.470006941334e+00,5.310998e-02,6.601659e-01,1
61,2.523116921323e+00,5.193834e-02,6.601084e-01,1
62,2.575055256753e+00,5.079342e-02,6.608610e-01,1
63,2.625848680573e+00,4.966243e-02,6.625104e-01,1
64,2.675511111856e+00,4.853242e-02,6.651273e-01,1
65,2.724043532010e+00,4.739074e-02,6.688501e-01,1
66,2.771434272816e+00,4.622429e-02,6.739086e-01,1
67,2.817658562252e+00,4.501866e-02,6.806668e-01,1
68,2.862677221369e+00,4.375706e-02,6.897033e-01,1
69,2.906434282679e+00,4.241878e-02,7.019670e-01,1
70,2.948853064332e+00,4.097674e-02,7.191032e-01,1
71,2.989829800707e+00,3.939323e-02,7.442124e-01,1
72,3.029223033974e+00,3.761186e-02,7.838911e-01,1
73,3.066834889228e+00,3.553989e-02,8.550963e-01,1
74,3.102374782704e+00,3.300317e-02,1.018837e+00,0
75,3.102374782704e+00,2.959220e-02,5.905196e-01,1
76,3.131966980685e+00,2.959190e-02,9.707113e-01,1
77,3.161558881506e+00,2.679152e-02,3.118874e-01,1
78,3.188350401640e+00,3.043970e-02,3.843634e-01,1
79,3.218790097230e+00,3.316916e-02,4.275652e-01,1
80,3.251959252629e+00,3.538152e-02,4.558187e-01,1
81,3.287340769477e+00,3.726152e-02,4.755439e-01,1
82,3.324602285648e+00,3.891033e-02,4.899653e-01,1
83,3.363512615852e+00,4.039005e-02,5.008638e-01,1
84,3.403902662921e+00,4.174197e-02,5.092972e-01,1
85,3.445644632566e+00,4.299532e-02,5.159302e-01,1
86,3.488639953711e+00,4.417184e-02,5.211992e-01,1
87,3.532811797204e+00,4.528843e-02,5.254003e-01,1
88,3.578100229559e+00,4.635875e-02,5.287388e-01,1
89,3.624458981975e+00,4.739429e-02,5.313589e-01,1
90,3.671853271507e+00,4.840508e-02,5.333616e-01,1
91,3.720258350490e+00,4.940024e-02,5.348155e-01,1
92,3.769658594674e+00,5.038843e-02,5.357639e-01,1
93,3.820047022177e+00,5.137817e-02,5.362283e-01,1
94,3.871425190872e+00,5.237827e-02,5.362099e-01,1
95,3.923803464390e+00,5.339821e-02,5.356889e-01,1
96,3.977201677138e+00,5.444860e-02,6.561512e-01,1
97,4.031650274598e+00,5.331242e-02,6.602208e-01,1
98,4.084962697963e+00,5.213545e-02,6.600671e-01,1
99,4.137098144338e+00,5.098683e-02,6.606708e-01,1
100,4.188084971244e+00,4.985440e-02,6.621642e-01,1
101,4.237939368825e+00,4.872511e-02,6.646089e-01,1
102,4.286664480250e+00,4.758632e-02,6.681303e-01,1
103,4.334250799606e+00,4.642505e-02,6.729403e-01,1
104,4.380675850516e+00,4.522719e-02,6.793759e-01,1
105,4.425903038860e+00,4.397644e-02,6.879709e-01,1
106,4.469879479298e+00,4.265290e-02,6.995947e-01,1
107,4.512532379929e+00,4.123080e-02,7.157382e-01,1
108,4.553763181566e+00,3.967468e-02,7.391649e-01,1
109,4.593437862505e+00,3.793217e-02,7.756132e-01,1
110,4.631370031958e+00,3.591875e-02,8.392673e-01,1
111,4.667288777252e+00,3.347986e-02,9.774689e-01,1
112,4.700768634912e+00,3.026952e-02,1.136973e+00,0
113,4.700768634912e+00,2.655205e-02,6.785362e-01,1
114,4.727320680094e+00,2.582414e-02,2.901747e-01,1
115,4.753144821152e+00,2.976710e-02,3.722376e-01,1
116,4.782911919060e+00,3.264487e-02,4.200047e-01,1
117,4.815556789355e+00,3.494674e-02,4.507154e-01,1
118,4.850503525597e+00,3.688660e-02,4.719018e-01,1
119,4.887390126992e+00,3.857810e-02,4.872607e-01,1
120,4.925968225711e+00,4.008954e-02,4.987969e-01,1
121,4.966057764352e+00,4.146568e-02,5.076852e-01,1
122,5.007523446441e+00,4.273783e-02,5.146559e-01,1
123,5.050261271889e+00,4.392902e-02,5.201843e-01,1
124,5.094190295145e+00,4.505703e-02,5.245912e-01,1
125,5.139247329376e+00,4.613610e-02,5.280981e-01,1
126,5.185383432389e+00,4.717811e-02,5.308602e-01,1
127,5.232561538693e+00,4.819334e-02,5.329865e-01,1
128,5.280754874536e+00,4.919107e-02,5.345518e-01,1
129,5.329945943470e+00,5.018002e-02,5.356045e-01,1
130,5.380125960380e+00,5.116871e-02,5.361702e-01,1
131,5.431294671138e+00,5.216587e-02,5.362546e-01,1
132,5.483460539638e+00,5.318078e-02,5.358425e-01,1
133,5.536641323989e+00,5.422378e-02,6.281170e-01,1
134,5.590865107404e+00,5.355798e-02,6.596281e-01,1
135,5.644423091301e+00,5.238499e-02,6.600336e-01,1
136,5.696808085212e+00,5.123140e-02,6.604671e-01,1
137,5.748039481467e+00,5.009662e-02,6.617666e-01,1
138,5.798136105315e+00,4.896773e-02,6.639992e-01,1
139,5.847103838030e+00,4.783205e-02,6.672752e-01,1
140,5.894935887864e+00,4.667674e-02,6.717854e-01,1
141,5.941612627376e+00,4.548801e-02,6.778355e-01,1
142,5.987100634522e+00,4.425013e-02,6.859084e-01,1
143,6.031350765287e+00,4.294413e-02,6.967845e-01,1
144,6.074294898235e+00,4.154575e-02,7.117842e-01,1
145,6.115840653233e+00,4.002206e-02,7.333090e-01,1
146,6.155862718052e+00,3.832521e-02,7.662058e-01,1
147,6.194187932998e+00,3.637961e-02,8.219327e-01,1
148,6.230567541199e+00,3.405127e-02,9.357271e-01,1
149,6.264618808111e+00,1.856650e-02,9.898839e-02,1
