job_id,slot_at,state,confidence,basis
billing_hourly_sh,2026-03-01T00:30:00Z,RAN_WITH_OUTPUT,high,存在归属本窗口的批次产出（按窗口右端点对齐）
billing_hourly_sh,2026-03-01T01:30:00Z,RAN_WITH_OUTPUT,high,存在归属本窗口的批次产出（按窗口右端点对齐）
billing_hourly_sh,2026-03-01T02:30:00Z,RAN_WITH_OUTPUT,high,存在归属本窗口的批次产出（按窗口右端点对齐）
billing_hourly_sh,2026-03-01T03:30:00Z,RAN_WITH_OUTPUT,high,存在归属本窗口的批次产出（按窗口右端点对齐）
billing_hourly_sh,2026-03-01T04:30:00Z,RAN_WITH_OUTPUT,high,存在归属本窗口的批次产出（按窗口右端点对齐）
billing_hourly_sh,2026-03-01T05:30:00Z,RAN_WITH_OUTPUT,high,存在归属本窗口的批次产出（按窗口右端点对齐）
billing_hourly_sh,2026-03-01T06:30:00Z,RAN_WITH_OUTPUT,high,存在归属本窗口的批次产出（按窗口右端点对齐）
billing_hourly_sh,2026-03-01T07:30:00Z,RAN_WITH_OUTPUT,high,存在归属本窗口的批次产出（按窗口右端点对齐）
billing_hourly_sh,2026-03-01T08:30:00Z,RAN_WITH_OUTPUT,high,存在归属本窗口的批次产出（按窗口右端点对齐）
billing_hourly_sh,2026-03-01T09:30:00Z,RAN_WITH_OUTPUT,high,存在归属本窗口的批次产出（按窗口右端点对齐）
billing_hourly_sh,2026-03-01T10:30:00Z,RAN_WITH_OUTPUT,high,存在归属本窗口的批次产出（按窗口右端点对齐）
billing_hourly_sh,2026-03-01T11:30:00Z,RAN_WITH_OUTPUT,high,存在归属本窗口的批次产出（按窗口右端点对齐）
billing_hourly_sh,2026-03-01T12:30:00Z,RAN_WITH_OUTPUT,high,存在归属本窗口的批次产出（按窗口右端点对齐）
billing_hourly_sh,2026-03-01T13:30:00Z,RAN_WITH_OUTPUT,high,存在归属本窗口的批次产出（按窗口右端点对齐）
billing_hourly_sh,2026-03-01T14:30:00Z,RAN_WITH_OUTPUT,high,存在归属本窗口的批次产出（按窗口右端点对齐）
billing_hourly_sh,2026-03-01T15:30:00Z,RAN_WITH_OUTPUT,high,存在归属本窗口的批次产出（按窗口右端点对齐）
billing_hourly_sh,2026-03-01T16:30:00Z,RAN_WITH_OUTPUT,high,存在归属本窗口的批次产出（按窗口右端点对齐）
billing_hourly_sh,2026-03-01T17:30:00Z,RAN_WITH_OUTPUT,high,存在归属本窗口的批次产出（按窗口右端点对齐）
billing_hourly_sh,2026-03-01T18:30:00Z,RAN_WITH_OUTPUT,high,存在归属本窗口的批次产出（按窗口右端点对齐）
billing_hourly_sh,2026-03-01T19:30:00Z,RAN_WITH_OUTPUT,high,存在归属本窗口的批次产出（按窗口右端点对齐）
billing_hourly_sh,2026-03-01T20:30:00Z,RAN_WITH_OUTPUT,high,存在归属本窗口的批次产出（按窗口右端点对齐）
billing_hourly_sh,2026-03-01T21:30:00Z,RAN_WITH_OUTPUT,high,存在归属本窗口的批次产出（按窗口右端点对齐）
billing_hourly_sh,2026-03-01T22:30:00Z,RAN_WITH_OUTPUT,high,存在归属本窗口的批次产出（按窗口右端点对齐）
billing_hourly_sh,2026-03-01T23:30:00Z,RAN_WITH_OUTPUT,high,存在归属本窗口的批次产出（按窗口右端点对齐）
billing_hourly_sh,2026-03-02T00:30:00Z,RAN_WITH_OUTPUT,high,存在归属本窗口的批次产出（按窗口右端点对齐）
billing_hourly_sh,2026-03-02T01:30:00Z,RAN_WITH_OUTPUT,high,存在归属本窗口的批次产出（按窗口右端点对齐）
billing_hourly_sh,2026-03-02T02:30:00Z,RAN_WITH_OUTPUT,high,存在归属本窗口的批次产出（按窗口右端点对齐）
billing_hourly_sh,2026-03-02T03:30:00Z,RAN_WITH_OUTPUT,high,存在归属本窗口的批次产出（按窗口右端点对齐）
billing_hourly_sh,2026-03-02T04:30:00Z,RAN_WITH_OUTPUT,high,存在归属本窗口的批次产出（按窗口右端点对齐）
billing_hourly_sh,2026-03-02T05:30:00Z,RAN_WITH_OUTPUT,high,存在归属本窗口的批次产出（按窗口右端点对齐）
billing_hourly_sh,2026-03-02T06:30:00Z,RAN_WITH_OUTPUT,high,存在归属本窗口的批次产出（按窗口右端点对齐）
billing_hourly_sh,2026-03-02T07:30:00Z,RAN_WITH_OUTPUT,high,存在归属本窗口的批次产出（按窗口右端点对齐）
billing_hourly_sh,2026-03-02T08:30:00Z,RAN_WITH_OUTPUT,high,存在归属本窗口的批次产出（按窗口右端点对齐）
billing_hourly_sh,2026-03-02T09:30:00Z,RAN_WITH_OUTPUT,high,存在归属本窗口的批次产出（按窗口右端点对齐）
billing_hourly_sh,2026-03-02T10:30:00Z,RAN_WITH_OUTPUT,high,存在归属本窗口的批次产出（按窗口右端点对齐）
billing_hourly_sh,2026-03-02T11:30:00Z,RAN_WITH_OUTPUT,high,存在归属本窗口的批次产出（按窗口右端点对齐）
billing_hourly_sh,2026-03-02T12:30:00Z,RAN_WITH_OUTPUT,high,存在归属本窗口的批次产出（按窗口右端点对齐）
billing_hourly_sh,2026-03-02T13:30:00Z,RAN_WITH_OUTPUT,high,存在归属本窗口的批次产出（按窗口右端点对齐）
billing_hourly_sh,2026-03-02T14:30:00Z,RAN_WITH_OUTPUT,high,存在归属本窗口的批次产出（按窗口右端点对齐）
billing_hourly_sh,2026-03-02T15:30:00Z,RAN_WITH_OUTPUT,high,存在归属本窗口的批次产出（按窗口右端点对齐）
billing_hourly_sh,2026-03-02T16:30:00Z,RAN_WITH_OUTPUT,high,存在归属本窗口的批次产出（按窗口右端点对齐）
billing_hourly_sh,2026-03-02T17:30:00Z,RAN_WITH_OUTPUT,high,存在归属本窗口的批次产出（按窗口右端点对齐）
billing_hourly_sh,2026-03-02T18:30:00Z,RAN_WITH_OUTPUT,high,存在归属本窗口的批次产出（按窗口右端点对齐）
billing_hourly_sh,2026-03-02T19:30:00Z,RAN_WITH_OUTPUT,high,存在归属本窗口的批次产出（按窗口右端点对齐）
billing_hourly_sh,2026-03-02T20:30:00Z,RAN_WITH_OUTPUT,high,存在归属本窗口的批次产出（按窗口右端点对齐）
billing_hourly_sh,2026-03-02T21:30:00Z,RAN_WITH_OUTPUT,high,存在归属本窗口的批次产出（按窗口右端点对齐）
billing_hourly_sh,2026-03-02T22:30:00Z,RAN_WITH_OUTPUT,high,存在归属本窗口的批次产出（按窗口右端点对齐）
billing_hourly_sh,2026-03-02T23:30:00Z,RAN_WITH_OUTPUT,high,存在归属本窗口的批次产出（按窗口右端点对齐）
billing_hourly_sh,2026-03-03T00:30:00Z,RAN_WITH_OUTPUT,high,存在归属本窗口的批次产出（按窗口右端点对齐）
billing_hourly_sh,2026-03-03T01:30:00Z,RAN_WITH_OUTPUT,high,存在归属本窗口的批次产出（按窗口右端点对齐）
billing_hourly_sh,2026-03-03T02:30:00Z,NOT_RUN,high,超过宽限期无批次、无成功执行记录，且水位未推进（基于产出反推，不看进程存活）
billing_hourly_sh,2026-03-03T03:30:00Z,RAN_WITH_OUTPUT,high,存在归属本窗口的批次产出（按窗口右端点对齐）
billing_hourly_sh,2026-03-03T04:30:00Z,RAN_WITH_OUTPUT,high,存在归属本窗口的批次产出（按窗口右端点对齐）
billing_hourly_sh,2026-03-03T05:30:00Z,RAN_WITH_OUTPUT,high,存在归属本窗口的批次产出（按窗口右端点对齐）
billing_hourly_sh,2026-03-03T06:30:00Z,RAN_WITH_OUTPUT,high,存在归属本窗口的批次产出（按窗口右端点对齐）
billing_hourly_sh,2026-03-03T07:30:00Z,RAN_WITH_OUTPUT,high,存在归属本窗口的批次产出（按窗口右端点对齐）
billing_hourly_sh,2026-03-03T08:30:00Z,RAN_WITH_OUTPUT,high,存在归属本窗口的批次产出（按窗口右端点对齐）
billing_hourly_sh,2026-03-03T09:30:00Z,RAN_WITH_OUTPUT,high,存在归属本窗口的批次产出（按窗口右端点对齐）
billing_hourly_sh,2026-03-03T10:30:00Z,RAN_WITH_OUTPUT,high,存在归属本窗口的批次产出（按窗口右端点对齐）
billing_hourly_sh,2026-03-03T11:30:00Z,RAN_WITH_OUTPUT,high,存在归属本窗口的批次产出（按窗口右端点对齐）
billing_hourly_sh,2026-03-03T12:30:00Z,RAN_WITH_OUTPUT,high,存在归属本窗口的批次产出（按窗口右端点对齐）
billing_hourly_sh,2026-03-03T13:30:00Z,RAN_WITH_OUTPUT,high,存在归属本窗口的批次产出（按窗口右端点对齐）
billing_hourly_sh,2026-03-03T14:30:00Z,RAN_WITH_OUTPUT,high,存在归属本窗口的批次产出（按窗口右端点对齐）
billing_hourly_sh,2026-03-03T15:30:00Z,RAN_WITH_OUTPUT,high,存在归属本窗口的批次产出（按窗口右端点对齐）
billing_hourly_sh,2026-03-03T16:30:00Z,RAN_WITH_OUTPUT,high,存在归属本窗口的批次产出（按窗口右端点对齐）
billing_hourly_sh,2026-03-03T17:30:00Z,RAN_WITH_OUTPUT,high,存在归属本窗口的批次产出（按窗口右端点对齐）
billing_hourly_sh,2026-03-03T18:30:00Z,RAN_WITH_OUTPUT,high,存在归属本窗口的批次产出（按窗口右端点对齐）
billing_hourly_sh,2026-03-03T19:30:00Z,RAN_WITH_OUTPUT,high,存在归属本窗口的批次产出（按窗口右端点对齐）
billing_hourly_sh,2026-03-03T20:30:00Z,RAN_WITH_OUTPUT,high,存在归属本窗口的批次产出（按窗口右端点对齐）
billing_hourly_sh,2026-03-03T21:30:00Z,RAN_WITH_OUTPUT,high,存在归属本窗口的批次产出（按窗口右端点对齐）
billing_hourly_sh,2026-03-03T22:30:00Z,RAN_WITH_OUTPUT,high,存在归属本窗口的批次产出（按窗口右端点对齐）
billing_hourly_sh,2026-03-03T23:30:00Z,RAN_WITH_OUTPUT,high,存在归属本窗口的批次产出（按窗口右端点对齐）
billing_hourly_sh,2026-03-04T00:30:00Z,RAN_WITH_OUTPUT,high,存在归属本窗口的批次产出（按窗口右端点对齐）
billing_hourly_sh,2026-03-04T01:30:00Z,RAN_WITH_OUTPUT,high,存在归属本窗口的批次产出（按窗口右端点对齐）
billing_hourly_sh,2026-03-04T02:30:00Z,RAN_WITH_OUTPUT,high,存在归属本窗口的批次产出（按窗口右端点对齐）
billing_hourly_sh,2026-03-04T03:30:00Z,RAN_WITH_OUTPUT,high,存在归属本窗口的批次产出（按窗口右端点对齐）
billing_hourly_sh,2026-03-04T04:30:00Z,RAN_WITH_OUTPUT,high,存在归属本窗口的批次产出（按窗口右端点对齐）
billing_hourly_sh,2026-03-04T05:30:00Z,RAN_EMPTY,medium,无批次产出但存在 status=success 的执行记录，判定为跑了但产出为空（0 行不写批次表）
billing_hourly_sh,2026-03-04T06:30:00Z,RAN_WITH_OUTPUT,high,存在归属本窗口的批次产出（按窗口右端点对齐）
billing_hourly_sh,2026-03-04T07:30:00Z,RAN_WITH_OUTPUT,high,存在归属本窗口的批次产出（按窗口右端点对齐）
billing_hourly_sh,2026-03-04T08:30:00Z,RAN_WITH_OUTPUT,high,存在归属本窗口的批次产出（按窗口右端点对齐）
billing_hourly_sh,2026-03-04T09:30:00Z,RAN_WITH_OUTPUT,high,存在归属本窗口的批次产出（按窗口右端点对齐）
billing_hourly_sh,2026-03-04T10:30:00Z,RAN_WITH_OUTPUT,high,存在归属本窗口的批次产出（按窗口右端点对齐）
billing_hourly_sh,2026-03-04T11:30:00Z,RAN_WITH_OUTPUT,high,存在归属本窗口的批次产出（按窗口右端点对齐）
billing_hourly_sh,2026-03-04T12:30:00Z,RAN_WITH_OUTPUT,high,存在归属本窗口的批次产出（按窗口右端点对齐）
billing_hourly_sh,2026-03-04T13:30:00Z,RAN_WITH_OUTPUT,high,存在归属本窗口的批次产出（按窗口右端点对齐）
billing_hourly_sh,2026-03-04T14:30:00Z,RAN_WITH_OUTPUT,high,存在归属本窗口的批次产出（按窗口右端点对齐）
billing_hourly_sh,2026-03-04T15:30:00Z,RAN_WITH_OUTPUT,high,存在归属本窗口的批次产出（按窗口右端点对齐）
billing_hourly_sh,2026-03-04T16:30:00Z,RAN_WITH_OUTPUT,high,存在归属本窗口的批次产出（按窗口右端点对齐）
billing_hourly_sh,2026-03-04T17:30:00Z,RAN_WITH_OUTPUT,high,存在归属本窗口的批次产出（按窗口右端点对齐）
billing_hourly_sh,2026-03-04T18:30:00Z,RAN_WITH_OUTPUT,high,存在归属本窗口的批次产出（按窗口右端点对齐）
billing_hourly_sh,2026-03-04T19:30:00Z,RAN_WITH_OUTPUT,high,存在归属本窗口的批次产出（按窗口右端点对齐）
billing_hourly_sh,2026-03-04T20:30:00Z,RAN_WITH_OUTPUT,high,存在归属本窗口的批次产出（按窗口右端点对齐）
billing_hourly_sh,2026-03-04T21:30:00Z,RAN_WITH_OUTPUT,high,存在归属本窗口的批次产出（按窗口右端点对齐）
billing_hourly_sh,2026-03-04T22:30:00Z,RAN_WITH_OUTPUT,high,存在归属本窗口的批次产出（按窗口右端点对齐）
billing_hourly_sh,2026-03-04T23:30:00Z,RAN_WITH_OUTPUT,high,存在归属本窗口的批次产出（按窗口右端点对齐）
billing_hourly_sh,2026-03-05T00:30:00Z,RAN_WITH_OUTPUT,high,存在归属本窗口的批次产出（按窗口右端点对齐）
billing_hourly_sh,2026-03-05T01:30:00Z,RAN_WITH_OUTPUT,high,存在归属本窗口的批次产出（按窗口右端点对齐）
billing_hourly_sh,2026-03-05T02:30:00Z,RAN_WITH_OUTPUT,high,存在归属本窗口的批次产出（按窗口右端点对齐）
billing_hourly_sh,2026-03-05T03:30:00Z,RAN_WITH_OUTPUT,high,存在归属本窗口的批次产出（按窗口右端点对齐）
billing_hourly_sh,2026-03-05T04:30:00Z,RAN_WITH_OUTPUT,high,存在归属本窗口的批次产出（按窗口右端点对齐）
billing_hourly_sh,2026-03-05T05:30:00Z,RAN_WITH_OUTPUT,high,存在归属本窗口的批次产出（按窗口右端点对齐）
billing_hourly_sh,2026-03-05T06:30:00Z,RAN_WITH_OUTPUT,high,存在归属本窗口的批次产出（按窗口右端点对齐）
billing_hourly_sh,2026-03-05T07:30:00Z,RAN_WITH_OUTPUT,high,存在归属本窗口的批次产出（按窗口右端点对齐）
billing_hourly_sh,2026-03-05T08:30:00Z,RAN_WITH_OUTPUT,high,存在归属本窗口的批次产出（按窗口右端点对齐）
billing_hourly_sh,2026-03-05T09:30:00Z,RAN_WITH_OUTPUT,high,存在归属本窗口的批次产出（按窗口右端点对齐）
billing_hourly_sh,2026-03-05T10:30:00Z,RAN_WITH_OUTPUT,high,存在归属本窗口的批次产出（按窗口右端点对齐）
billing_hourly_sh,2026-03-05T11:30:00Z,RAN_WITH_OUTPUT,high,存在归属本窗口的批次产出（按窗口右端点对齐）
billing_hourly_sh,2026-03-05T12:30:00Z,RAN_WITH_OUTPUT,high,存在归属本窗口的批次产出（按窗口右端点对齐）
billing_hourly_sh,2026-03-05T13:30:00Z,RAN_WITH_OUTPUT,high,存在归属本窗口的批次产出（按窗口右端点对齐）
billing_hourly_sh,2026-03-05T14:30:00Z,RAN_WITH_OUTPUT,high,存在归属本窗口的批次产出（按窗口右端点对齐）
billing_hourly_sh,2026-03-05T15:30:00Z,RAN_WITH_OUTPUT,high,存在归属本窗口的批次产出（按窗口右端点对齐）
billing_hourly_sh,2026-03-05T16:30:00Z,RAN_WITH_OUTPUT,high,存在归属本窗口的批次产出（按窗口右端点对齐）
billing_hourly_sh,2026-03-05T17:30:00Z,RAN_WITH_OUTPUT,high,存在归属本窗口的批次产出（按窗口右端点对齐）
billing_hourly_sh,2026-03-05T18:30:00Z,RAN_WITH_OUTPUT,high,存在归属本窗口的批次产出（按窗口右端点对齐）
billing_hourly_sh,2026-03-05T19:30:00Z,RAN_WITH_OUTPUT,high,存在归属本窗口的批次产出（按窗口右端点对齐）
billing_hourly_sh,2026-03-05T20:30:00Z,RAN_WITH_OUTPUT,high,存在归属本窗口的批次产出（按窗口右端点对齐）
billing_hourly_sh,2026-03-05T21:30:00Z,RAN_WITH_OUTPUT,high,存在归属本窗口的批次产出（按窗口右端点对齐）
billing_hourly_sh,2026-03-05T22:30:00Z,RAN_WITH_OUTPUT,high,存在归属本窗口的批次产出（按窗口右端点对齐）
billing_hourly_sh,2026-03-05T23:30:00Z,RAN_WITH_OUTPUT,high,存在归属本窗口的批次产出（按窗口右端点对齐）
billing_hourly_sh,2026-03-06T00:30:00Z,RAN_WITH_OUTPUT,high,存在归属本窗口的批次产出（按窗口右端点对齐）
billing_hourly_sh,2026-03-06T01:30:00Z,RAN_WITH_OUTPUT,high,存在归属本窗口的批次产出（按窗口右端点对齐）
billing_hourly_sh,2026-03-06T02:30:00Z,RAN_WITH_OUTPUT,high,存在归属本窗口的批次产出（按窗口右端点对齐）
billing_hourly_sh,2026-03-06T03:30:00Z,RAN_WITH_OUTPUT,high,存在归属本窗口的批次产出（按窗口右端点对齐）
billing_hourly_sh,2026-03-06T04:30:00Z,RAN_WITH_OUTPUT,high,存在归属本窗口的批次产出（按窗口右端点对齐）
billing_hourly_sh,2026-03-06T05:30:00Z,RAN_WITH_OUTPUT,high,存在归属本窗口的批次产出（按窗口右端点对齐）
billing_hourly_sh,2026-03-06T06:30:00Z,RAN_WITH_OUTPUT,high,存在归属本窗口的批次产出（按窗口右端点对齐）
billing_hourly_sh,2026-03-06T07:30:00Z,RAN_WITH_OUTPUT,high,存在归属本窗口的批次产出（按窗口右端点对齐）
billing_hourly_sh,2026-03-06T08:30:00Z,RAN_WITH_OUTPUT,high,存在归属本窗口的批次产出（按窗口右端点对齐）
billing_hourly_sh,2026-03-06T09:30:00Z,RAN_WITH_OUTPUT,high,存在归属本窗口的批次产出（按窗口右端点对齐）
billing_hourly_sh,2026-03-06T10:30:00Z,RAN_WITH_OUTPUT,high,存在归属本窗口的批次产出（按窗口右端点对齐）
billing_hourly_sh,2026-03-06T11:30:00Z,RAN_WITH_OUTPUT,high,存在归属本窗口的批次产出（按窗口右端点对齐）
billing_hourly_sh,2026-03-06T12:30:00Z,RAN_WITH_OUTPUT,high,存在归属本窗口的批次产出（按窗口右端点对齐）
billing_hourly_sh,2026-03-06T13:30:00Z,RAN_WITH_OUTPUT,high,存在归属本窗口的批次产出（按窗口右端点对齐）
billing_hourly_sh,2026-03-06T14:30:00Z,RAN_WITH_OUTPUT,high,存在归属本窗口的批次产出（按窗口右端点对齐）
billing_hourly_sh,2026-03-06T15:30:00Z,RAN_WITH_OUTPUT,high,存在归属本窗口的批次产出（按窗口右端点对齐）
billing_hourly_sh,2026-03-06T16:30:00Z,RAN_WITH_OUTPUT,high,存在归属本窗口的批次产出（按窗口右端点对齐）
billing_hourly_sh,2026-03-06T17:30:00Z,RAN_WITH_OUTPUT,high,存在归属本窗口的批次产出（按窗口右端点对齐）
billing_hourly_sh,2026-03-06T18:30:00Z,RAN_WITH_OUTPUT,high,存在归属本窗口的批次产出（按窗口右端点对齐）
billing_hourly_sh,2026-03-06T19:30:00Z,RAN_WITH_OUTPUT,high,存在归属本窗口的批次产出（按窗口右端点对齐）
billing_hourly_sh,2026-03-06T20:30:00Z,RAN_WITH_OUTPUT,high,存在归属本窗口的批次产出（按窗口右端点对齐）
billing_hourly_sh,2026-03-06T21:30:00Z,RAN_WITH_OUTPUT,high,存在归属本窗口的批次产出（按窗口右端点对齐）
billing_hourly_sh,2026-03-06T22:30:00Z,RAN_WITH_OUTPUT,high,存在归属本窗口的批次产出（按窗口右端点对齐）
billing_hourly_sh,2026-03-06T23:30:00Z,RAN_WITH_OUTPUT,high,存在归属本窗口的批次产出（按窗口右端点对齐）
billing_hourly_sh,2026-03-07T00:30:00Z,RAN_WITH_OUTPUT,high,存在归属本窗口的批次产出（按窗口右端点对齐）
billing_hourly_sh,2026-03-07T01:30:00Z,RAN_WITH_OUTPUT,high,存在归属本窗口的批次产出（按窗口右端点对齐）
billing_hourly_sh,2026-03-07T02:30:00Z,RAN_WITH_OUTPUT,high,存在归属本窗口的批次产出（按窗口右端点对齐）
billing_hourly_sh,2026-03-07T03:30:00Z,RAN_WITH_OUTPUT,high,存在归属本窗口的批次产出（按窗口右端点对齐）
billing_hourly_sh,2026-03-07T04:30:00Z,RAN_WITH_OUTPUT,high,存在归属本窗口的批次产出（按窗口右端点对齐）
billing_hourly_sh,2026-03-07T05:30:00Z,RAN_WITH_OUTPUT,high,存在归属本窗口的批次产出（按窗口右端点对齐）
billing_hourly_sh,2026-03-07T06:30:00Z,RAN_WITH_OUTPUT,high,存在归属本窗口的批次产出（按窗口右端点对齐）
billing_hourly_sh,2026-03-07T07:30:00Z,RAN_WITH_OUTPUT,high,存在归属本窗口的批次产出（按窗口右端点对齐）
billing_hourly_sh,2026-03-07T08:30:00Z,RAN_WITH_OUTPUT,high,存在归属本窗口的批次产出（按窗口右端点对齐）
billing_hourly_sh,2026-03-07T09:30:00Z,RAN_WITH_OUTPUT,high,存在归属本窗口的批次产出（按窗口右端点对齐）
billing_hourly_sh,2026-03-07T10:30:00Z,RAN_WITH_OUTPUT,high,存在归属本窗口的批次产出（按窗口右端点对齐）
billing_hourly_sh,2026-03-07T11:30:00Z,RAN_WITH_OUTPUT,high,存在归属本窗口的批次产出（按窗口右端点对齐）
billing_hourly_sh,2026-03-07T12:30:00Z,RAN_WITH_OUTPUT,high,存在归属本窗口的批次产出（按窗口右端点对齐）
billing_hourly_sh,2026-03-07T13:30:00Z,RAN_WITH_OUTPUT,high,存在归属本窗口的批次产出（按窗口右端点对齐）
billing_hourly_sh,2026-03-07T14:30:00Z,RAN_WITH_OUTPUT,high,存在归属本窗口的批次产出（按窗口右端点对齐）
billing_hourly_sh,2026-03-07T15:30:00Z,RAN_WITH_OUTPUT,high,存在归属本窗口的批次产出（按窗口右端点对齐）
billing_hourly_sh,2026-03-07T16:30:00Z,RAN_WITH_OUTPUT,high,存在归属本窗口的批次产出（按窗口右端点对齐）
billing_hourly_sh,2026-03-07T17:30:00Z,RAN_WITH_OUTPUT,high,存在归属本窗口的批次产出（按窗口右端点对齐）
billing_hourly_sh,2026-03-07T18:30:00Z,RAN_WITH_OUTPUT,high,存在归属本窗口的批次产出（按窗口右端点对齐）
billing_hourly_sh,2026-03-07T19:30:00Z,RAN_WITH_OUTPUT,high,存在归属本窗口的批次产出（按窗口右端点对齐）
billing_hourly_sh,2026-03-07T20:30:00Z,RAN_WITH_OUTPUT,high,存在归属本窗口的批次产出（按窗口右端点对齐）
billing_hourly_sh,2026-03-07T21:30:00Z,RAN_WITH_OUTPUT,high,存在归属本窗口的批次产出（按窗口右端点对齐）
billing_hourly_sh,2026-03-07T22:30:00Z,RAN_WITH_OUTPUT,high,存在归属本窗口的批次产出（按窗口右端点对齐）
billing_hourly_sh,2026-03-07T23:30:00Z,RAN_WITH_OUTPUT,high,存在归属本窗口的批次产出（按窗口右端点对齐）
billing_hourly_sh,2026-03-08T00:30:00Z,RAN_WITH_OUTPUT,high,存在归属本窗口的批次产出（按窗口右端点对齐）
billing_hourly_sh,2026-03-08T01:30:00Z,RAN_WITH_OUTPUT,high,存在归属本窗口的批次产出（按窗口右端点对齐）
billing_hourly_sh,2026-03-08T02:30:00Z,RAN_WITH_OUTPUT,high,存在归属本窗口的批次产出（按窗口右端点对齐）
billing_hourly_sh,2026-03-08T03:30:00Z,RAN_WITH_OUTPUT,high,存在归属本窗口的批次产出（按窗口右端点对齐）
billing_hourly_sh,2026-03-08T04:30:00Z,RAN_WITH_OUTPUT,high,存在归属本窗口的批次产出（按窗口右端点对齐）
billing_hourly_sh,2026-03-08T05:30:00Z,RAN_WITH_OUTPUT,high,存在归属本窗口的批次产出（按窗口右端点对齐）
billing_hourly_sh,2026-03-08T06:30:00Z,RAN_WITH_OUTPUT,high,存在归属本窗口的批次产出（按窗口右端点对齐）
billing_hourly_sh,2026-03-08T07:30:00Z,RAN_WITH_OUTPUT,high,存在归属本窗口的批次产出（按窗口右端点对齐）
billing_hourly_sh,2026-03-08T08:30:00Z,RAN_WITH_OUTPUT,high,存在归属本窗口的批次产出（按窗口右端点对齐）
billing_hourly_sh,2026-03-08T09:30:00Z,RAN_WITH_OUTPUT,high,存在归属本窗口的批次产出（按窗口右端点对齐）
billing_hourly_sh,2026-03-08T10:30:00Z,RAN_WITH_OUTPUT,high,存在归属本窗口的批次产出（按窗口右端点对齐）
billing_hourly_sh,2026-03-08T11:30:00Z,RAN_WITH_OUTPUT,high,存在归属本窗口的批次产出（按窗口右端点对齐）
billing_hourly_sh,2026-03-08T12:30:00Z,RAN_WITH_OUTPUT,high,存在归属本窗口的批次产出（按窗口右端点对齐）
billing_hourly_sh,2026-03-08T13:30:00Z,RAN_WITH_OUTPUT,high,存在归属本窗口的批次产出（按窗口右端点对齐）
billing_hourly_sh,2026-03-08T14:30:00Z,RAN_WITH_OUTPUT,high,存在归属本窗口的批次产出（按窗口右端点对齐）
billing_hourly_sh,2026-03-08T15:30:00Z,RAN_WITH_OUTPUT,high,存在归属本窗口的批次产出（按窗口右端点对齐）
billing_hourly_sh,2026-03-08T16:30:00Z,RAN_WITH_OUTPUT,high,存在归属本窗口的批次产出（按窗口右端点对齐）
billing_hourly_sh,2026-03-08T17:30:00Z,RAN_WITH_OUTPUT,high,存在归属本窗口的批次产出（按窗口右端点对齐）
billing_hourly_sh,2026-03-08T18:30:00Z,RAN_WITH_OUTPUT,high,存在归属本窗口的批次产出（按窗口右端点对齐）
billing_hourly_sh,2026-03-08T19:30:00Z,RAN_WITH_OUTPUT,high,存在归属本窗口的批次产出（按窗口右端点对齐）
billing_hourly_sh,2026-03-08T20:30:00Z,RAN_WITH_OUTPUT,high,存在归属本窗口的批次产出（按窗口右端点对齐）
billing_hourly_sh,2026-03-08T21:30:00Z,RAN_WITH_OUTPUT,high,存在归属本窗口的批次产出（按窗口右端点对齐）
billing_hourly_sh,2026-03-08T22:30:00Z,RAN_WITH_OUTPUT,high,存在归属本窗口的批次产出（按窗口右端点对齐）
billing_hourly_sh,2026-03-08T23:30:00Z,RAN_WITH_OUTPUT,high,存在归属本窗口的批次产出（按窗口右端点对齐）
billing_hourly_sh,2026-03-09T00:30:00Z,RAN_WITH_OUTPUT,high,存在归属本窗口的批次产出（按窗口右端点对齐）
billing_hourly_sh,2026-03-09T01:30:00Z,RAN_WITH_OUTPUT,high,存在归属本窗口的批次产出（按窗口右端点对齐）
billing_hourly_sh,2026-03-09T02:30:00Z,RAN_WITH_OUTPUT,high,存在归属本窗口的批次产出（按窗口右端点对齐）
billing_hourly_sh,2026-03-09T03:30:00Z,RAN_WITH_OUTPUT,high,存在归属本窗口的批次产出（按窗口右端点对齐）
billing_hourly_sh,2026-03-09T04:30:00Z,RAN_WITH_OUTPUT,high,存在归属本窗口的批次产出（按窗口右端点对齐）
billing_hourly_sh,2026-03-09T05:30:00Z,RAN_WITH_OUTPUT,high,存在归属本窗口的批次产出（按窗口右端点对齐）
billing_hourly_sh,2026-03-09T06:30:00Z,RAN_WITH_OUTPUT,high,存在归属本窗口的批次产出（按窗口右端点对齐）
billing_hourly_sh,2026-03-09T07:30:00Z,RAN_WITH_OUTPUT,high,存在归属本窗口的批次产出（按窗口右端点对齐）
billing_hourly_sh,2026-03-09T08:30:00Z,RAN_WITH_OUTPUT,high,存在归属本窗口的批次产出（按窗口右端点对齐）
billing_hourly_sh,2026-03-09T09:30:00Z,RAN_WITH_OUTPUT,high,存在归属本窗口的批次产出（按窗口右端点对齐）
billing_hourly_sh,2026-03-09T10:30:00Z,RAN_WITH_OUTPUT,high,存在归属本窗口的批次产出（按窗口右端点对齐）
billing_hourly_sh,2026-03-09T11:30:00Z,RAN_WITH_OUTPUT,high,存在归属本窗口的批次产出（按窗口右端点对齐）
billing_hourly_sh,2026-03-09T12:30:00Z,RAN_WITH_OUTPUT,high,存在归属本窗口的批次产出（按窗口右端点对齐）
billing_hourly_sh,2026-03-09T13:30:00Z,RAN_WITH_OUTPUT,high,存在归属本窗口的批次产出（按窗口右端点对齐）
billing_hourly_sh,2026-03-09T14:30:00Z,RAN_WITH_OUTPUT,high,存在归属本窗口的批次产出（按窗口右端点对齐）
billing_hourly_sh,2026-03-09T15:30:00Z,RAN_WITH_OUTPUT,high,存在归属本窗口的批次产出（按窗口右端点对齐）
billing_hourly_sh,2026-03-09T16:30:00Z,RAN_WITH_OUTPUT,high,存在归属本窗口的批次产出（按窗口右端点对齐）
billing_hourly_sh,2026-03-09T17:30:00Z,RAN_WITH_OUTPUT,high,存在归属本窗口的批次产出（按窗口右端点对齐）
billing_hourly_sh,2026-03-09T18:30:00Z,RAN_WITH_OUTPUT,high,存在归属本窗口的批次产出（按窗口右端点对齐）
billing_hourly_sh,2026-03-09T19:30:00Z,RAN_WITH_OUTPUT,high,存在归属本窗口的批次产出（按窗口右端点对齐）
billing_hourly_sh,2026-03-09T20:30:00Z,RAN_WITH_OUTPUT,high,存在归属本窗口的批次产出（按窗口右端点对齐）
billing_hourly_sh,2026-03-09T21:30:00Z,RAN_WITH_OUTPUT,high,存在归属本窗口的批次产出（按窗口右端点对齐）
billing_hourly_sh,2026-03-09T22:30:00Z,RAN_WITH_OUTPUT,high,存在归属本窗口的批次产出（按窗口右端点对齐）
billing_hourly_sh,2026-03-09T23:30:00Z,RAN_WITH_OUTPUT,high,存在归属本窗口的批次产出（按窗口右端点对齐）
billing_hourly_sh,2026-03-10T00:30:00Z,RAN_WITH_OUTPUT,high,存在归属本窗口的批次产出（按窗口右端点对齐）
billing_hourly_sh,2026-03-10T01:30:00Z,RAN_WITH_OUTPUT,high,存在归属本窗口的批次产出（按窗口右端点对齐）
billing_hourly_sh,2026-03-10T02:30:00Z,RAN_WITH_OUTPUT,high,存在归属本窗口的批次产出（按窗口右端点对齐）
billing_hourly_sh,2026-03-10T03:30:00Z,RAN_WITH_OUTPUT,high,存在归属本窗口的批次产出（按窗口右端点对齐）
billing_hourly_sh,2026-03-10T04:30:00Z,RAN_WITH_OUTPUT,high,存在归属本窗口的批次产出（按窗口右端点对齐）
billing_hourly_sh,2026-03-10T05:30:00Z,RAN_WITH_OUTPUT,high,存在归属本窗口的批次产出（按窗口右端点对齐）
billing_hourly_sh,2026-03-10T06:30:00Z,RAN_WITH_OUTPUT,high,存在归属本窗口的批次产出（按窗口右端点对齐）
billing_hourly_sh,2026-03-10T07:30:00Z,RAN_WITH_OUTPUT,high,存在归属本窗口的批次产出（按窗口右端点对齐）
billing_hourly_sh,2026-03-10T08:30:00Z,RAN_WITH_OUTPUT,high,存在归属本窗口的批次产出（按窗口右端点对齐）
billing_hourly_sh,2026-03-10T09:30:00Z,RAN_WITH_OUTPUT,high,存在归属本窗口的批次产出（按窗口右端点对齐）
billing_hourly_sh,2026-03-10T10:30:00Z,RAN_WITH_OUTPUT,high,存在归属本窗口的批次产出（按窗口右端点对齐）
billing_hourly_sh,2026-03-10T11:30:00Z,RAN_WITH_OUTPUT,high,存在归属本窗口的批次产出（按窗口右端点对齐）
billing_hourly_sh,2026-03-10T12:30:00Z,RAN_WITH_OUTPUT,high,存在归属本窗口的批次产出（按窗口右端点对齐）
settle_daily_ny,2026-03-01T07:05:00Z,RAN_WITH_OUTPUT,high,存在归属本窗口的批次产出（按窗口右端点对齐）
settle_daily_ny,2026-03-02T07:05:00Z,RAN_WITH_OUTPUT,high,存在归属本窗口的批次产出（按窗口右端点对齐）
settle_daily_ny,2026-03-03T07:05:00Z,RAN_WITH_OUTPUT,high,存在归属本窗口的批次产出（按窗口右端点对齐）
settle_daily_ny,2026-03-04T07:05:00Z,RAN_WITH_OUTPUT,high,存在归属本窗口的批次产出（按窗口右端点对齐）
settle_daily_ny,2026-03-05T07:05:00Z,RAN_WITH_OUTPUT,high,存在归属本窗口的批次产出（按窗口右端点对齐）
settle_daily_ny,2026-03-06T07:05:00Z,RAN_WITH_OUTPUT,high,存在归属本窗口的批次产出（按窗口右端点对齐）
settle_daily_ny,2026-03-07T07:05:00Z,RAN_WITH_OUTPUT,high,存在归属本窗口的批次产出（按窗口右端点对齐）
settle_daily_ny,2026-03-09T06:05:00Z,RAN_WITH_OUTPUT,high,存在归属本窗口的批次产出（按窗口右端点对齐）
settle_daily_ny,2026-03-10T06:05:00Z,RAN_WITH_OUTPUT,high,存在归属本窗口的批次产出（按窗口右端点对齐）
etx_6h_utc,2026-03-01T00:15:00Z,RAN_WITH_OUTPUT,high,存在归属本窗口的批次产出（按窗口右端点对齐）
etx_6h_utc,2026-03-01T06:15:00Z,RAN_WITH_OUTPUT,high,存在归属本窗口的批次产出（按窗口右端点对齐）
etx_6h_utc,2026-03-01T12:15:00Z,RAN_WITH_OUTPUT,high,存在归属本窗口的批次产出（按窗口右端点对齐）
etx_6h_utc,2026-03-01T18:15:00Z,RAN_WITH_OUTPUT,high,存在归属本窗口的批次产出（按窗口右端点对齐）
etx_6h_utc,2026-03-02T00:15:00Z,RAN_WITH_OUTPUT,high,存在归属本窗口的批次产出（按窗口右端点对齐）
etx_6h_utc,2026-03-02T06:15:00Z,RAN_WITH_OUTPUT,high,存在归属本窗口的批次产出（按窗口右端点对齐）
etx_6h_utc,2026-03-02T12:15:00Z,RAN_WITH_OUTPUT,high,存在归属本窗口的批次产出（按窗口右端点对齐）
etx_6h_utc,2026-03-02T18:15:00Z,RAN_WITH_OUTPUT,high,存在归属本窗口的批次产出（按窗口右端点对齐）
etx_6h_utc,2026-03-03T00:15:00Z,RAN_WITH_OUTPUT,high,存在归属本窗口的批次产出（按窗口右端点对齐）
etx_6h_utc,2026-03-03T06:15:00Z,RAN_WITH_OUTPUT,high,存在归属本窗口的批次产出（按窗口右端点对齐）
etx_6h_utc,2026-03-03T12:15:00Z,RAN_WITH_OUTPUT,high,存在归属本窗口的批次产出（按窗口右端点对齐）
etx_6h_utc,2026-03-03T18:15:00Z,RAN_WITH_OUTPUT,high,存在归属本窗口的批次产出（按窗口右端点对齐）
etx_6h_utc,2026-03-04T00:15:00Z,RAN_WITH_OUTPUT,high,存在归属本窗口的批次产出（按窗口右端点对齐）
etx_6h_utc,2026-03-04T06:15:00Z,PAUSED,high,计划点位于人为暂停窗口，不参与漏跑考核
etx_6h_utc,2026-03-04T12:15:00Z,PAUSED,high,计划点位于人为暂停窗口，不参与漏跑考核
etx_6h_utc,2026-03-04T18:15:00Z,PAUSED,high,计划点位于人为暂停窗口，不参与漏跑考核
etx_6h_utc,2026-03-05T00:15:00Z,RAN_WITH_OUTPUT,high,存在归属本窗口的批次产出（按窗口右端点对齐）
etx_6h_utc,2026-03-05T06:15:00Z,RAN_WITH_OUTPUT,high,存在归属本窗口的批次产出（按窗口右端点对齐）
etx_6h_utc,2026-03-05T12:15:00Z,RAN_WITH_OUTPUT,high,存在归属本窗口的批次产出（按窗口右端点对齐）
etx_6h_utc,2026-03-05T18:15:00Z,RAN_WITH_OUTPUT,high,存在归属本窗口的批次产出（按窗口右端点对齐）
etx_6h_utc,2026-03-06T00:15:00Z,RAN_WITH_OUTPUT,high,存在归属本窗口的批次产出（按窗口右端点对齐）
etx_6h_utc,2026-03-06T06:15:00Z,RAN_WITH_OUTPUT,high,存在归属本窗口的批次产出（按窗口右端点对齐）
etx_6h_utc,2026-03-06T12:15:00Z,RAN_WITH_OUTPUT,high,存在归属本窗口的批次产出（按窗口右端点对齐）
etx_6h_utc,2026-03-06T18:15:00Z,RAN_WITH_OUTPUT,high,存在归属本窗口的批次产出（按窗口右端点对齐）
etx_6h_utc,2026-03-07T00:15:00Z,RAN_WITH_OUTPUT,high,存在归属本窗口的批次产出（按窗口右端点对齐）
etx_6h_utc,2026-03-07T06:15:00Z,RAN_WITH_OUTPUT,high,存在归属本窗口的批次产出（按窗口右端点对齐）
etx_6h_utc,2026-03-07T12:15:00Z,RAN_WITH_OUTPUT,high,存在归属本窗口的批次产出（按窗口右端点对齐）
etx_6h_utc,2026-03-07T18:15:00Z,RAN_WITH_OUTPUT,high,存在归属本窗口的批次产出（按窗口右端点对齐）
etx_6h_utc,2026-03-08T00:15:00Z,RAN_WITH_OUTPUT,high,存在归属本窗口的批次产出（按窗口右端点对齐）
etx_6h_utc,2026-03-08T06:15:00Z,RAN_WITH_OUTPUT,high,存在归属本窗口的批次产出（按窗口右端点对齐）
etx_6h_utc,2026-03-08T12:15:00Z,RAN_WITH_OUTPUT,high,存在归属本窗口的批次产出（按窗口右端点对齐）
etx_6h_utc,2026-03-08T18:15:00Z,NOT_RUN,high,超过宽限期无批次、无成功执行记录，且水位未推进（基于产出反推，不看进程存活）
etx_6h_utc,2026-03-09T00:15:00Z,NOT_RUN,high,超过宽限期无批次、无成功执行记录，且水位未推进（基于产出反推，不看进程存活）
etx_6h_utc,2026-03-09T06:15:00Z,NOT_RUN,high,超过宽限期无批次、无成功执行记录，且水位未推进（基于产出反推，不看进程存活）
etx_6h_utc,2026-03-09T12:15:00Z,NOT_RUN,high,超过宽限期无批次、无成功执行记录，且水位未推进（基于产出反推，不看进程存活）
etx_6h_utc,2026-03-09T18:15:00Z,NOT_RUN,high,超过宽限期无批次、无成功执行记录，且水位未推进（基于产出反推，不看进程存活）
etx_6h_utc,2026-03-10T00:15:00Z,NOT_RUN,high,超过宽限期无批次、无成功执行记录，且水位未推进（基于产出反推，不看进程存活）
etx_6h_utc,2026-03-10T06:15:00Z,NOT_RUN,high,超过宽限期无批次、无成功执行记录，且水位未推进（基于产出反推，不看进程存活）
etx_6h_utc,2026-03-10T12:15:00Z,NOT_RUN,high,超过宽限期无批次、无成功执行记录，且水位未推进（基于产出反推，不看进程存活）
report_weekday,2026-03-02T01:20:00Z,RAN_WITH_OUTPUT,high,存在归属本窗口的批次产出（按窗口右端点对齐）
report_weekday,2026-03-03T01:20:00Z,RAN_WITH_OUTPUT,high,存在归属本窗口的批次产出（按窗口右端点对齐）
report_weekday,2026-03-04T01:20:00Z,RAN_EMPTY,medium,无批次产出但存在 status=success 的执行记录，判定为跑了但产出为空（0 行不写批次表）
report_weekday,2026-03-05T01:20:00Z,RAN_WITH_OUTPUT,high,存在归属本窗口的批次产出（按窗口右端点对齐）
report_weekday,2026-03-06T01:20:00Z,RAN_WITH_OUTPUT,high,存在归属本窗口的批次产出（按窗口右端点对齐）
report_weekday,2026-03-09T01:20:00Z,RAN_WITH_OUTPUT,high,存在归属本窗口的批次产出（按窗口右端点对齐）
report_weekday,2026-03-10T01:20:00Z,RAN_WITH_OUTPUT,high,存在归属本窗口的批次产出（按窗口右端点对齐）
